ComputerID,ComputerName,AgentType,IsDeleted,LastReportTime,IsRelay,IsLocked,ReportNumber,LastReportSent,Sequence,OriginServerID,OriginSequence
68409,"ChrisM1Lab2’s Virtual Machine
",Native,1,2023-05-17 13:14:10.000,0,0,146,2023-05-17 13:14:00.000,0x0000000011DFD1E8,NULL,NULL
86549,"ChrisMDM2Lab
",Native,1,2023-02-23 22:46:01.000,0,0,84,2023-02-23 19:59:36.000,0x000000000B77C811,NULL,NULL
211826,"ADUAEI18224LPWX
",Native,1,2023-07-11 08:07:36.000,0,0,5,2023-07-11 08:07:07.000,0x0000000019160EF3,NULL,NULL
286728,"ADUAEI15581LPMX
",Native,1,2023-04-28 10:07:53.000,0,0,751,2023-04-28 10:07:44.000,0x000000001915F4E7,NULL,NULL
490926,"A1-004-PC-12
",Native,1,2023-07-19 00:30:37.000,0,0,32,2023-07-19 00:30:33.000,0x000000001915F4C0,NULL,NULL
614822,"A1-004-PC-13
",Native,1,2023-07-19 04:51:56.000,0,0,15,2023-07-19 04:48:18.000,0x000000001915F4DD,NULL,NULL
681347,"ADUAED15308LPMX
",Native,1,2023-06-13 07:51:01.000,0,0,2393,2023-06-13 07:50:57.000,0x0000000019160EAB,NULL,NULL
783157,"ADUAEI13937WKWX
",Native,1,2023-07-10 18:08:34.000,0,0,28969,2023-07-10 18:08:24.000,0x000000001915F4D8,NULL,NULL
784886,"chrisMDMlab-i12’s MacBook Pro
",Native,1,2023-06-20 07:09:12.000,0,0,16,2023-06-20 07:09:08.000,0x0000000015F4A6C7,NULL,NULL
921279,"ADUAEI18248LPWX
",Native,1,2023-03-26 06:14:23.000,0,0,29,2023-03-26 06:12:53.000,0x000000001915F4FE,NULL,NULL
943151,"RK-MR-SPARE-SPA
",Native,1,2023-06-13 07:23:57.000,0,0,1,2023-06-13 07:23:51.000,0x0000000014F9A365,NULL,NULL
992564,"ENG-LOANER-26
",Native,1,2023-07-18 07:28:55.000,0,0,28,2023-07-18 07:28:31.000,0x000000001915F467,NULL,NULL
1165840,"RK-MR-C2-E001-2
",Native,1,2023-06-21 04:45:26.000,0,0,5,2023-06-21 04:45:21.000,0x000000001605AA44,NULL,NULL
1201746,"RK-MR-SPARE-SPA
",Native,1,2023-06-21 05:03:58.000,0,0,7,2023-06-21 05:03:52.000,0x000000001605AA78,NULL,NULL
1307885,"A1-004-PC-25
",Native,1,2023-07-19 00:22:56.000,0,0,30,2023-07-19 00:22:51.000,0x000000001915F4EF,NULL,NULL
1309941,"A1-004-PC-03
",Native,1,2023-07-19 00:55:30.000,0,0,31,2023-07-19 00:55:27.000,0x000000001915F55E,NULL,NULL
1340872,"A1-016-FOS-04
",Native,1,2023-07-20 02:10:01.000,0,0,184,2023-07-20 02:09:57.000,0x000000001915F50F,NULL,NULL
1395294,"A1-004-PC-16
",Native,1,2023-07-19 00:43:25.000,0,0,32,2023-07-19 00:43:20.000,0x000000001915F482,NULL,NULL
1462189,"A1-004-PC-27
",Native,1,2023-07-19 01:02:14.000,0,0,31,2023-07-19 01:02:10.000,0x000000001915F546,NULL,NULL
1496047,"ADUAEI15790LPWX
",Native,1,2023-04-11 11:32:12.000,0,0,3701,2023-04-11 11:31:55.000,0x000000001915F451,NULL,NULL
1630544,"ADUAEI12042LPMX
",Native,1,2023-04-04 16:29:08.000,0,0,679,2023-04-04 16:28:56.000,0x000000001915F52E,NULL,NULL
1640735,"ADUAED15179LPMX
",Native,1,2023-05-12 07:52:33.000,0,0,14,2023-05-12 07:51:58.000,0x000000001915F43B,NULL,NULL
2017315,"RK-MR-C2-E001-2
",Native,1,2023-06-21 05:40:27.000,0,0,5,2023-06-21 05:40:25.000,0x000000001605AA60,NULL,NULL
2044247,"RK-MR-SPARE-SPA
",Native,1,2023-06-21 05:59:36.000,0,0,8,2023-06-21 05:59:33.000,0x000000001605AA51,NULL,NULL
2163169,"A1-004-PC-01
",Native,1,2023-07-19 01:03:08.000,0,0,31,2023-07-19 01:03:01.000,0x000000001915F51A,NULL,NULL
2331457,"A1-017-FOS-07
",Native,1,2023-07-20 01:57:55.000,0,0,184,2023-07-20 01:57:51.000,0x000000001915F4A7,NULL,NULL
2445144,"ADUAEI13184LPWX
",Native,1,2023-04-21 09:46:05.000,0,0,7,2023-04-21 09:46:00.000,0x0000000019160EB6,NULL,NULL
2565791,"ADUAED13963LPWX
",Native,1,2023-05-23 11:11:47.000,0,0,41,2023-05-23 11:11:29.000,0x000000001915F475,NULL,NULL
2569699,"ADUAED10906LPMX
",Native,1,2023-03-25 15:22:17.000,0,0,406,2023-03-25 12:41:52.000,0x0000000019160EBA,NULL,NULL
2752828,"ADUAED07701LPMX
",Native,1,2023-04-04 07:11:26.000,0,0,8,2023-04-04 07:11:19.000,0x000000001915F508,NULL,NULL
2753637,"ADUAEI12871LPWX
",Native,1,2023-04-10 13:54:41.000,0,0,1771,2023-04-10 13:53:56.000,0x000000001915F4A4,NULL,NULL
3305235,"ADUAEI13172WKWX
",Native,1,2023-07-19 15:13:47.000,0,0,37462,2023-07-19 15:13:44.000,0x000000001915F4CD,NULL,NULL
3369390,"A1-004-PC-24
",Native,1,2023-07-19 19:05:32.000,0,0,19,2023-07-19 19:04:48.000,0x000000001915F443,NULL,NULL
3375549,"RK-MR-SPARE-SPA
",Native,1,2023-06-21 06:41:42.000,0,0,7,2023-06-21 06:41:35.000,0x000000001605AA6D,NULL,NULL
3448562,"ADUAEI16245LPMX
",Native,1,2023-04-13 08:36:30.000,0,0,16,2023-04-13 08:36:28.000,0x000000001915F54B,NULL,NULL
3457795,"aduaed15982lplx
",Native,1,2023-05-22 12:35:12.000,0,0,9354,2023-05-22 12:34:54.000,0x000000001915F49F,NULL,NULL
3589646,"RK-MR-SPARE-SPA
",Native,1,2023-06-21 03:55:54.000,0,0,5,2023-06-21 03:55:49.000,0x000000001605AA6B,NULL,NULL
4148355,"ADUAED10999LPWX
",Native,1,2023-06-26 11:15:51.000,0,0,19,2023-06-26 11:15:49.000,0x0000000019160E99,NULL,NULL
4517952,"A1-016-FOS-12
",Native,1,2023-07-20 01:30:24.000,0,0,185,2023-07-20 01:30:19.000,0x000000001915F455,NULL,NULL
4746901,"ChrisM1Lab2’s Virtual Machine
",Native,1,2023-05-17 14:45:39.000,0,0,10,2023-05-17 14:45:27.000,0x0000000011DFD1E7,NULL,NULL
4754144,"RK-MR-SPARE-SPA
",Native,1,2023-06-21 05:12:11.000,0,0,7,2023-06-21 05:12:04.000,0x000000001605AA3F,NULL,NULL
4771554,"ChrisM1Lab2’s Virtual Machine
",Native,1,2023-03-06 07:21:11.000,0,0,1250,2023-03-06 07:21:07.000,0x000000000979A518,NULL,NULL
4782938,"A1-004-PC-19
",Native,1,2023-07-19 04:04:45.000,0,0,11,2023-07-19 04:04:03.000,0x000000001915F478,NULL,NULL
5051057,"chrisMDMlab-i12’s MacBook Pro
",Native,1,2023-06-16 09:37:23.000,0,0,4,2023-06-16 09:08:20.000,0x00000000157F2CA6,NULL,NULL
5168554,"A1-004-PC-07
",Native,1,2023-07-19 19:12:11.000,0,0,18,2023-07-19 19:11:33.000,0x000000001915F4AC,NULL,NULL
5178948,"ADUEI18235LPWX
",Native,1,2023-03-22 12:17:54.000,0,0,7,2023-03-22 12:17:46.000,0x000000000E587754,NULL,NULL
5226359,"XTIAN2507
",Native,1,2023-01-25 14:41:33.000,0,0,32,2023-01-25 14:41:03.000,0x0000000006967C02,NULL,NULL
5271598,"RK-MR-SPARE-SPA
",Native,1,2023-06-13 07:16:34.000,0,0,15,2023-06-13 07:16:25.000,0x0000000014F9A369,NULL,NULL
5423282,"ADUAED10653LPWX
",Native,1,2023-06-14 08:41:13.000,0,0,8,2023-06-14 08:41:04.000,0x0000000019160F19,NULL,NULL
5531078,"ENG-LOANER-22
",Native,1,2023-07-17 19:16:02.000,0,0,17,2023-07-17 19:15:34.000,0x000000001915F4D2,NULL,NULL
5583979,"ADUAED15179LPMX
",Native,1,2023-04-25 10:18:49.000,0,0,13,2023-04-25 10:18:32.000,0x000000001915F4DA,NULL,NULL
5598707,"ADUAED13684LPMX
",Native,1,2023-05-18 10:39:15.000,0,0,299,2023-05-18 10:38:55.000,0x000000001915F553,NULL,NULL
5661641,"ADUAEI15168LNWX
",Native,1,2023-05-03 14:17:50.000,0,0,169,2023-05-03 14:17:44.000,0x000000001915F537,NULL,NULL
5814501,"RK-MR-SPARE-SPA
",Native,1,2023-06-19 02:43:09.000,0,0,43,2023-06-19 02:42:33.000,0x0000000015B0526B,NULL,NULL
5965577,"ADUAEI06358WKMX
",Native,1,2023-07-12 07:21:13.000,0,0,3284,2023-07-12 07:21:03.000,0x0000000019160EA5,NULL,NULL
6247165,"ADUAEI12122LPWX
",Native,1,2023-04-28 11:51:03.000,0,0,14,2023-04-28 11:50:53.000,0x000000001915F46C,NULL,NULL
6282248,"ADUAEI16668LPMX
",Native,1,2023-06-06 04:34:01.000,0,0,127,2023-06-05 12:07:47.000,0x000000001915F4C7,NULL,NULL
6392948,"ADUAEI18271LPWX
",Native,1,2023-07-20 05:06:00.000,0,0,17,2023-07-20 05:05:54.000,0x0000000019160EE8,NULL,NULL
6421890,"RK-MR-C2-E001-2
",Native,1,2023-06-21 04:40:05.000,0,0,7,2023-06-21 04:40:00.000,0x000000001605AA59,NULL,NULL
6513403,"A1-004-PC-08
",Native,1,2023-07-19 00:34:59.000,0,0,31,2023-07-19 00:34:56.000,0x000000001915F4DF,NULL,NULL
6564747,"RK-MR-C2-E001-2
",Native,1,2023-06-21 05:05:09.000,0,0,7,2023-06-21 05:05:05.000,0x000000001605AA65,NULL,NULL
6574549,"ADUAEI10936LPWX
",Native,1,2023-07-05 08:07:08.000,0,0,26,2023-07-05 08:06:57.000,0x0000000019160F1C,NULL,NULL
6723076,"ChrisM1Lab2’s Virtual Machine
",Native,1,2023-06-05 12:37:55.000,0,0,172,2023-06-05 12:37:46.000,0x00000000157F2CA8,NULL,NULL
6762328,"ADUAED18836LPWX
",Native,1,2023-05-12 12:01:10.000,0,0,43,2023-05-12 12:01:00.000,0x000000001915F4D6,NULL,NULL
6950694,"iMac
",Native,1,2023-04-10 11:49:04.000,0,0,377,2023-04-10 11:48:57.000,0x000000000CEFFBAD,NULL,NULL
7102373,"ADUAED14840LPLX
",Native,1,2023-07-20 09:56:59.000,0,0,361,2023-07-20 09:56:34.000,0x0000000019160EFC,NULL,NULL
7507861,"ADUAEI12464LNWX
",Native,1,2023-05-29 07:53:58.000,0,0,487,2023-05-29 07:52:52.000,0x000000001915F4B2,NULL,NULL
7582744,"HV368's MacBook Pro
",Native,1,2023-05-17 08:36:16.000,0,0,206,2023-05-17 08:36:05.000,0x00000000133271E5,NULL,NULL
7712698,"ADUAEI18274LPWX
",Native,1,2023-05-31 11:09:40.000,0,0,89,2023-05-31 11:08:47.000,0x000000001915F44F,NULL,NULL
7784923,"A1-004-PC-24
",Native,1,2023-07-19 04:37:32.000,0,0,12,2023-07-19 04:33:02.000,0x000000001915F47E,NULL,NULL
7793518,"ADUAEI11721LPWX
",Native,1,2023-06-01 06:24:21.000,0,0,12042,2023-06-01 06:24:16.000,0x000000001915F538,NULL,NULL
7810784,"ADUAEI12871LPWX
",Native,1,2023-04-11 14:03:27.000,0,0,47,2023-04-11 14:03:20.000,0x000000001915F506,NULL,NULL
7973834,"A1-016-FOS-10
",Native,1,2023-07-20 01:51:34.000,0,0,180,2023-07-20 01:51:28.000,0x000000001915F4D0,NULL,NULL
7993456,"RK-MR-SPARE-SPA
",Native,1,2023-06-21 03:32:41.000,0,0,11,2023-06-21 03:32:38.000,0x000000001605AA4D,NULL,NULL
8006595,"CHRISLAB20H2
",Native,1,2023-04-24 16:18:18.000,0,0,3617,2023-04-24 16:18:12.000,0x0000000012F1FC9D,NULL,NULL
8032059,"RK-MR-SPARE-SPA
",Native,1,2023-06-10 02:09:09.000,0,0,26,2023-06-10 02:08:59.000,0x0000000014D48473,NULL,NULL
8043797,"ADUAEI15206LPWX
",Native,1,2023-05-08 08:50:41.000,0,0,1899,2023-05-08 08:50:36.000,0x000000001915F52F,NULL,NULL
8070252,"ADUAED19201WKMX
",Native,1,2023-06-16 12:20:27.000,0,0,11,2023-06-16 12:20:16.000,0x000000001915F431,NULL,NULL
8129386,"RK-MR-C2-E001-2
",Native,1,2023-06-21 05:48:20.000,0,0,6,2023-06-21 05:48:16.000,0x000000001605AA5F,NULL,NULL
8210318,"ENG-LOANER-10
",Native,1,2023-07-17 13:29:56.000,0,0,11,2023-07-17 13:28:48.000,0x0000000019160E98,NULL,NULL
8333865,"A1-004-PC-01
",Native,1,2023-07-19 04:02:21.000,0,0,11,2023-07-19 04:01:39.000,0x000000001915F4C2,NULL,NULL
8584119,"ADUAEI18711LPWX
",Native,1,2023-06-07 06:12:16.000,0,0,2098,2023-06-07 06:12:10.000,0x000000001915F539,NULL,NULL
8961950,"ADUAEi13021WKMX
",Native,1,2023-06-12 11:21:34.000,0,0,5195,2023-06-12 11:21:16.000,0x0000000019160ED2,NULL,NULL
9103689,"HYPERVTESTBENCH
",Native,1,2023-02-23 09:44:03.000,0,0,1101,2023-02-23 09:43:08.000,0x000000000B76389D,NULL,NULL
9173315,"A1-004-PC-26
",Native,1,2023-07-19 04:57:19.000,0,0,16,2023-07-19 04:53:40.000,0x000000001915F53A,NULL,NULL
9182977,"ADUAEI08824LPWX
",Native,1,2023-05-22 10:06:29.000,0,0,106,2023-05-22 10:06:10.000,0x000000001915F4AB,NULL,NULL
9348341,"wz19@nyu.edu
",Native,1,2023-04-25 11:36:56.000,0,0,532,2023-04-25 11:36:51.000,0x0000000012F1FC9E,NULL,NULL
9424442,"ENG-LOANER-31
",Native,1,2023-07-13 11:49:02.000,0,0,42,2023-07-13 11:48:42.000,0x000000001915F491,NULL,NULL
9439825,"RK-MR-C2-E001-2
",Native,1,2023-06-14 02:18:49.000,0,0,28,2023-06-14 02:18:10.000,0x00000000151AFCDE,NULL,NULL
9781245,"RK-MR-SPARE-SPA
",Native,1,2023-06-11 03:04:31.000,0,0,47,2023-06-11 03:04:23.000,0x0000000014DC3C0B,NULL,NULL
10048287,"A1-004-PC-19
",Native,1,2023-07-19 19:01:52.000,0,0,17,2023-07-19 19:01:02.000,0x000000001915F476,NULL,NULL
10080326,"ADUAEI18271LPWX
",Native,1,2023-07-17 12:10:36.000,0,0,3,2023-07-17 12:10:30.000,0x000000001915F54C,NULL,NULL
10108973,"ADUAED18836LPWX
",Native,1,2023-05-11 15:01:03.000,0,0,26,2023-05-11 15:00:53.000,0x000000001915F51E,NULL,NULL
10134877,"DESKTOP-2LFSLUP
",Native,1,2023-05-13 13:43:00.000,0,0,21,2023-05-13 13:42:51.000,0x0000000014EBB10C,NULL,NULL
10212183,"ADUAEI13114LPMX
",Native,1,2023-04-06 08:15:49.000,0,0,309,2023-04-06 08:15:34.000,0x000000001915F4B7,NULL,NULL
10308448,"RK-MR-C2-E001-2
",Native,1,2023-06-15 12:33:36.000,0,0,20,2023-06-15 12:32:59.000,0x00000000154E001B,NULL,NULL
10396975,"ADUAED15981LPLX
",Native,1,2023-07-20 10:00:12.000,0,0,2,2023-07-20 09:59:55.000,0x0000000019160EF0,NULL,NULL
10474555,"ADUAEI12962LPWX
",Native,1,2023-05-26 05:09:22.000,0,0,1329,2023-05-26 05:08:35.000,0x000000001915F486,NULL,NULL
10516199,"ADUAEI15687LPWX
",Native,1,2023-06-29 06:00:30.000,0,0,11049,2023-06-29 06:00:24.000,0x000000001915F4F7,NULL,NULL
10529019,"A1-004-PC-10
",Native,1,2023-07-19 00:47:27.000,0,0,32,2023-07-19 00:47:22.000,0x000000001915F469,NULL,NULL
10712243,"A1-004-PC-31
",Native,1,2023-07-19 00:19:28.000,0,0,32,2023-07-19 00:19:23.000,0x000000001915F4D9,NULL,NULL
10795073,"ADUAED16584LPWX
",Native,1,2023-05-17 08:18:52.000,0,0,2,2023-05-17 08:18:47.000,0x0000000019160EBD,NULL,NULL
10795124,"RK-MR-C2-E001-2
",Native,1,2023-06-21 05:35:06.000,0,0,5,2023-06-21 05:35:04.000,0x000000001605AA47,NULL,NULL
10855064,"HV368's MacBook Pro
",Native,1,2023-05-11 06:34:35.000,0,0,1306,2023-05-11 06:34:22.000,0x000000001102E34E,NULL,NULL
11103673,"A1-004-PC-23
",Native,1,2023-07-19 04:36:54.000,0,0,14,2023-07-19 04:32:37.000,0x000000001915F433,NULL,NULL
11185264,"RK-MR-C2-E001-2
",Native,1,2023-06-21 06:42:11.000,0,0,4,2023-06-21 06:42:05.000,0x000000001605AA79,NULL,NULL
11215396,"RK-MR-SPARE-SPA
",Native,1,2023-06-21 05:28:23.000,0,0,6,2023-06-21 05:28:19.000,0x000000001605AA5E,NULL,NULL
11352867,"tanotest
",Native,1,2023-03-17 12:28:49.000,0,0,10,2023-03-17 12:28:42.000,0x000000000D8E6704,NULL,NULL
11464944,"ENG-LOANER-25
",Native,1,2023-07-18 09:13:13.000,0,0,38,2023-07-18 09:12:32.000,0x000000001915F4A3,NULL,NULL
11636916,"ADUAED13684LPMX
",Native,1,2023-04-07 06:28:18.000,0,0,31,2023-04-07 06:28:03.000,0x000000001915F526,NULL,NULL
11700857,"A1-004-PC-16
",Native,1,2023-07-19 04:37:00.000,0,0,16,2023-07-19 04:33:16.000,0x000000001915F55B,NULL,NULL
11717363,"ADUAEI12464LNWX
",Native,1,2023-07-12 11:00:13.000,0,0,97,2023-07-12 11:00:02.000,0x0000000019160EA1,NULL,NULL
12105890,"A1-004-PC-19
",Native,1,2023-07-19 00:26:23.000,0,0,33,2023-07-19 00:26:16.000,0x000000001915F4AA,NULL,NULL
12107063,"Jeneen’s MacBook Pro
",Native,1,2023-04-19 11:13:53.000,0,0,8,2023-04-19 11:13:50.000,0x000000000DF63F3B,NULL,NULL
12454937,"ADUAEI15339LPWX
",Native,1,2023-04-26 06:20:58.000,0,0,1366,2023-04-26 06:20:45.000,0x000000001915F471,NULL,NULL
12542077,"ADUAED16885LPWX
",Native,1,2023-06-01 12:28:04.000,0,0,10,2023-06-01 12:27:59.000,0x000000001915F515,NULL,NULL
12642068,"A1-004-PC-03
",Native,1,2023-07-19 04:57:54.000,0,0,16,2023-07-19 04:53:59.000,0x000000001915F50D,NULL,NULL
12690885,"ADUAEI18256LPWX
",Native,1,2023-06-20 08:03:10.000,0,0,53,2023-06-20 08:02:49.000,0x000000001915F534,NULL,NULL
12698626,"RK-MR-SPARE-SPA
",Native,1,2023-06-21 05:43:12.000,0,0,6,2023-06-21 05:43:07.000,0x000000001605AA45,NULL,NULL
12797882,"RK-MR-C2-E001-2
",Native,1,2023-06-21 05:11:56.000,0,0,5,2023-06-21 05:11:50.000,0x000000001605AA4F,NULL,NULL
12825206,"ADUAEI13642LNWX
",Native,1,2023-07-07 08:24:59.000,0,0,56,2023-07-07 08:24:53.000,0x000000001915F45E,NULL,NULL
12876268,"ADUAED16260WKWX
",Native,1,2023-07-20 09:55:59.000,0,0,4194,2023-07-20 09:55:55.000,0x0000000019160EE3,NULL,NULL
12988327,"ADUAEI12289LPWX
",Native,1,2023-05-23 10:39:49.000,0,0,9,2023-05-23 10:34:28.000,0x000000001915F4CE,NULL,NULL
13138706,"ADUAEI07914LNWX
",Native,1,2023-07-16 17:35:59.000,0,0,50,2023-07-16 17:35:54.000,0x000000001915F4CA,NULL,NULL
13179312,"RK-MR-SPARE-SPA
",Native,1,2023-06-18 02:25:30.000,0,0,45,2023-06-18 02:24:51.000,0x0000000015A4EC6A,NULL,NULL
13248455,"A1-004-PC-27
",Native,1,2023-07-19 04:40:02.000,0,0,12,2023-07-19 04:35:32.000,0x000000001915F4BE,NULL,NULL
13366925,"ADUAEI14505LPWX
",Native,1,2023-06-26 20:58:53.000,0,0,30914,2023-06-26 20:58:51.000,0x000000001915F552,NULL,NULL
13475597,"ADUAEI14683LPMX
",Native,1,2023-05-05 08:18:43.000,0,0,250,2023-05-05 08:18:08.000,0x000000001915F4E5,NULL,NULL
13729911,"ADUAEI07898LNWX
",Native,1,2023-04-10 04:29:33.000,0,0,6,2023-04-10 04:29:29.000,0x0000000019160EC0,NULL,NULL
13924225,"ADUAEI18241LPWX
",Native,1,2023-06-05 23:09:01.000,0,0,10,2023-06-05 23:08:28.000,0x000000001915F477,NULL,NULL
14079005,"RK-MR-C2-E001-2
",Native,1,2023-06-21 06:22:34.000,0,0,7,2023-06-21 06:22:30.000,0x000000001605AA6A,NULL,NULL
14709530,"ADUAEI12643LPWX
",Native,1,2023-05-13 09:33:40.000,0,0,9,2023-05-13 09:33:21.000,0x000000001915F462,NULL,NULL
14769088,"ADUAED16178LPWX
",Native,1,2023-07-10 12:36:09.000,0,0,11,2023-07-10 12:35:59.000,0x0000000019160EF6,NULL,NULL
14929611,"ADUAE18216TEST
",Native,1,2023-05-08 06:40:43.000,0,0,147,2023-05-08 06:40:40.000,0x0000000019160EF4,NULL,NULL
14931636,"ADUAED14666LPWX
",Native,1,2023-07-17 09:15:26.000,0,0,677,2023-07-17 09:15:25.000,0x0000000019160EA4,NULL,NULL
15324532,"ADUAEI18253LPWX
",Native,1,2023-05-25 09:41:04.000,0,0,9,2023-05-25 09:40:40.000,0x000000001915F4E3,NULL,NULL
15418027,"ENG-LOANER-24
",Native,1,2023-07-18 06:52:56.000,0,0,33,2023-07-18 06:52:53.000,0x000000001915F463,NULL,NULL
15686326,"ADUAEI18279LPWX
",Native,1,2023-06-07 11:44:48.000,0,0,6,2023-06-07 11:44:15.000,0x000000001915F4FA,NULL,NULL
15983233,"ADUAEI12640LPWX
",Native,1,2023-07-20 09:59:14.000,0,0,84,2023-07-20 09:58:54.000,0x0000000019160ED4,NULL,NULL
16004704,"A1-004-PC-26
",Native,1,2023-07-19 19:10:52.000,0,0,18,2023-07-19 19:10:08.000,0x000000001915F484,NULL,NULL
16102448,"ADUAED15968LPWX
",Native,1,2023-06-15 15:39:27.000,0,0,20,2023-06-15 15:39:16.000,0x0000000019160EB4,NULL,NULL
16121028,"RK-MR-C2-E001-2
",Native,1,2023-06-21 01:38:14.000,0,0,37,2023-06-21 01:37:39.000,0x000000001605AA41,NULL,NULL
16173771,"ENG-LOANER-35
",Native,1,2023-07-14 11:20:12.000,0,0,65,2023-07-14 11:20:10.000,0x0000000019160F12,NULL,NULL
16694543,"ADUAEI14797LPWX
",Native,1,2023-04-12 04:57:23.000,0,0,2334,2023-04-12 04:57:17.000,0x000000001915F52C,NULL,NULL
16755900,"A1-004-PC-17
",Native,1,2023-07-19 04:02:03.000,0,0,11,2023-07-19 04:01:07.000,0x000000001915F45A,NULL,NULL
537010883,"RK-MR-C2-E001-2
",Native,1,2023-06-09 01:53:49.000,0,0,49,2023-06-09 01:53:13.000,0x0000000014C96969,NULL,NULL
537232851,"A1-017-FOS-12
",Native,1,2023-07-20 02:06:07.000,0,0,183,2023-07-20 02:06:01.000,0x000000001915F510,NULL,NULL
537239938,"A1-004-PC-04
",Native,1,2023-07-19 19:05:29.000,0,0,17,2023-07-19 19:04:42.000,0x000000001915F4C8,NULL,NULL
537334855,"RK-MR-SPARE-SPA
",Native,1,2023-06-21 06:05:05.000,0,0,5,2023-06-21 06:04:57.000,0x000000001605AA66,NULL,NULL
537496925,"A1-004-PC-31
",Native,1,2023-07-19 19:20:09.000,0,0,22,2023-07-19 19:15:58.000,0x000000001915F439,NULL,NULL
537660145,"ADUAED19001LPLX
",Native,1,2023-07-19 10:30:07.000,0,0,2,2023-07-19 10:29:49.000,0x0000000019160E9E,NULL,NULL
538000933,"A1-004-PC-26
",Native,1,2023-07-19 00:34:44.000,0,0,33,2023-07-19 00:34:40.000,0x000000001915F511,NULL,NULL
538181283,"ADUAED16976LPMX
",Native,1,2023-06-12 13:11:38.000,0,0,10,2023-06-12 13:11:25.000,0x000000001915F43F,NULL,NULL
538485406,"RK-MR-C2-E001-2
",Native,1,2023-06-18 01:58:02.000,0,0,40,2023-06-18 01:57:23.000,0x0000000015A4EC6C,NULL,NULL
538748794,"A1-016-FOS-07
",Native,1,2023-07-20 01:48:05.000,0,0,192,2023-07-20 01:48:01.000,0x000000001915F49A,NULL,NULL
538909293,"ADUAEI12516LNWX
",Native,1,2023-05-16 09:41:06.000,0,0,111,2023-05-16 09:41:03.000,0x000000001915F527,NULL,NULL
539039022,"A1-004-PC-05
",Native,1,2023-07-19 00:52:51.000,0,0,31,2023-07-19 00:52:47.000,0x000000001915F54F,NULL,NULL
539055087,"A1-004-PC-28
",Native,1,2023-07-19 00:28:50.000,0,0,30,2023-07-19 00:28:43.000,0x000000001915F47B,NULL,NULL
539151836,"RK-MR-SPARE-SPA
",Native,1,2023-06-21 04:38:36.000,0,0,6,2023-06-21 04:38:30.000,0x000000001605AA5C,NULL,NULL
539165652,"A1-004-PC-06
",Native,1,2023-07-19 04:09:51.000,0,0,13,2023-07-19 04:04:10.000,0x000000001915F479,NULL,NULL
539331612,"ADUAEI11224LPWX
",Native,1,2023-04-07 08:01:42.000,0,0,207,2023-04-07 08:01:30.000,0x000000001915F4BF,NULL,NULL
539409946,"ADUAEI18216LPWX
",Native,1,2023-05-23 11:25:38.000,0,0,1,2023-05-23 11:25:37.000,0x000000001915F489,NULL,NULL
539452794,"RK-MR-SPARE-SPA
",Native,1,2023-06-21 06:25:40.000,0,0,5,2023-06-21 06:25:37.000,0x000000001605AA5A,NULL,NULL
539471515,"A1-004-PC-29
",Native,1,2023-07-19 19:06:43.000,0,0,17,2023-07-19 19:05:54.000,0x000000001915F4E0,NULL,NULL
539884845,"RK-MR-C2-E001-2
",Native,1,2023-06-19 02:32:21.000,0,0,40,2023-06-19 02:31:42.000,0x0000000015B0526D,NULL,NULL
539922442,"ADUAED16827LPLX
",Native,1,2023-07-20 09:59:20.000,0,0,14088,2023-07-20 09:56:49.000,0x0000000019160EC6,NULL,NULL
539970336,"A1-004-PC-22
",Native,1,2023-07-19 04:02:50.000,0,0,12,2023-07-19 04:02:17.000,0x000000001915F45F,NULL,NULL
540133654,"A1-004-PC-09
",Native,1,2023-07-19 00:45:35.000,0,0,32,2023-07-19 00:45:29.000,0x000000001915F492,NULL,NULL
540394647,"ADUAEI07922LPWX
",Native,1,2023-04-28 11:33:14.000,0,0,6,2023-04-28 11:32:50.000,0x0000000019160EF7,NULL,NULL
540409382,"A1-004-PC-21
",Native,1,2023-07-19 04:54:31.000,0,0,15,2023-07-19 04:53:52.000,0x000000001915F444,NULL,NULL
540534318,"ADUAEI10552LNWX
",Native,1,2023-07-07 10:58:08.000,0,0,10,2023-07-07 10:57:56.000,0x0000000019160EE5,NULL,NULL
540645638,"ADUAED18923WKLX
",Native,1,2023-07-07 12:36:55.000,0,0,238,2023-07-07 12:36:38.000,0x0000000019160ED1,NULL,NULL
540763728,"A1-017-FOS-02
",Native,1,2023-07-20 01:48:40.000,0,0,184,2023-07-20 01:48:32.000,0x000000001915F496,NULL,NULL
540776334,"A1-004-PC-09
",Native,1,2023-07-19 19:04:30.000,0,0,18,2023-07-19 19:03:45.000,0x000000001915F480,NULL,NULL
540869262,"ADUAEI16668LPMX
",Native,1,2023-05-18 06:02:18.000,0,0,10,2023-05-18 06:02:05.000,0x000000001915F4E1,NULL,NULL
540911262,"ADUAED19210WKWX
",Native,1,2023-07-05 13:22:03.000,0,0,40,2023-07-05 13:21:54.000,0x000000001915F4A9,NULL,NULL
540918842,"RK-MR-SPARE-SPA
",Native,1,2023-06-09 01:40:49.000,0,0,51,2023-06-09 01:40:17.000,0x0000000014C96968,NULL,NULL
541053315,"RK-MR-C2-E001-2
",Native,1,2023-06-21 05:53:40.000,0,0,5,2023-06-21 05:53:35.000,0x000000001605AA69,NULL,NULL
541090998,"HYPERVTESTBENCH
",Native,1,2022-12-30 04:30:38.000,0,0,3372,2022-12-30 04:28:50.000,0x0000000006713D3E,NULL,NULL
541415422,"ADUAEI10552LPWX
",Native,1,2023-07-03 09:15:34.000,0,0,2,2023-07-03 09:15:30.000,0x0000000019160E9D,NULL,NULL
541453863,"ENG-LOANER-13
",Native,1,2023-07-17 05:56:41.000,0,0,43,2023-07-17 05:56:37.000,0x000000001915F499,NULL,NULL
541517283,"ADUAED18562LPMX
",Native,1,2023-05-09 12:36:30.000,0,0,176,2023-05-09 12:35:46.000,0x000000001915F4AF,NULL,NULL
541542107,"ChrisM1Lab2’s Virtual Machine
",Native,1,2023-06-16 11:15:18.000,0,0,24,2023-06-16 11:15:09.000,0x00000000157F2CA4,NULL,NULL
541695596,"A1-004-PC-11
",Native,1,2023-07-19 04:49:05.000,0,0,15,2023-07-19 04:45:40.000,0x000000001915F454,NULL,NULL
541753874,"RK-MR-C2-E001-2
",Native,1,2023-06-10 02:12:32.000,0,0,12,2023-06-10 02:11:48.000,0x0000000014D48474,NULL,NULL
541830488,"A1-004-PC-11
",Native,1,2023-07-19 19:05:26.000,0,0,18,2023-07-19 19:04:40.000,0x000000001915F518,NULL,NULL
541877601,"ADUAEI18108LPWX
",Native,1,2023-06-02 07:15:52.000,0,0,5,2023-06-02 07:15:27.000,0x000000001915F507,NULL,NULL
542014684,"RK-MR-C2-E001-2
",Native,1,2023-06-21 03:59:55.000,0,0,5,2023-06-21 03:59:47.000,0x000000001605AA6E,NULL,NULL
542055277,"A1-004-PC-24
",Native,1,2023-07-19 00:50:06.000,0,0,31,2023-07-19 00:50:03.000,0x000000001915F554,NULL,NULL
542324746,"ADUAED12346LPWX
",Native,1,2023-04-25 08:03:57.000,0,0,72,2023-04-25 08:03:54.000,0x000000001915F473,NULL,NULL
542387943,"ADUAEI18241LPWX
",Native,1,2023-06-06 07:10:01.000,0,0,5,2023-06-06 07:09:41.000,0x000000001915F45B,NULL,NULL
542453530,"A1-004-PC-01
",Native,1,2023-07-19 19:00:10.000,0,0,18,2023-07-19 18:59:24.000,0x000000001915F52B,NULL,NULL
542764199,"MACBOOK2013 (2)
",Native,1,2023-05-02 16:39:06.000,0,0,296,2023-05-02 16:38:55.000,0x000000001402CE68,NULL,NULL
543141205,"ADUAEI18242LPWX
",Native,1,2023-04-12 09:45:20.000,0,0,12,2023-04-12 09:45:10.000,0x0000000019160F1A,NULL,NULL
543288313,"ADUAEI13847LPWX
",Native,1,2023-03-28 09:03:47.000,0,0,27,2023-03-28 09:00:14.000,0x000000001915F452,NULL,NULL
543457983,"A1-017-FOS-03
",Native,1,2023-07-20 02:17:07.000,0,0,185,2023-07-20 02:17:00.000,0x000000001915F49D,NULL,NULL
543489180,"RK-MR-C2-E001-2
",Native,1,2023-06-21 03:54:11.000,0,0,9,2023-06-21 03:54:05.000,0x000000001605AA43,NULL,NULL
543625576,"ADUAED09074LPWX
",Native,1,2023-06-24 09:03:25.000,0,0,6,2023-06-24 09:03:23.000,0x0000000019160EB3,NULL,NULL
543642278,"ADUAEI19046LPWX
",Native,1,2023-05-04 05:39:12.000,0,0,5,2023-05-04 05:39:10.000,0x0000000019160EAC,NULL,NULL
544021239,"ENG-LOANER-19
",Native,1,2023-07-12 14:27:43.000,0,0,17,2023-07-12 14:27:30.000,0x000000001915F4B4,NULL,NULL
544156857,"apple’s MacBook Pro
",Native,1,2023-04-18 16:30:57.000,0,0,2,2023-04-18 16:30:55.000,0x000000001243D248,NULL,NULL
544632893,"A1-004-PC-08
",Native,1,2023-07-19 04:26:20.000,0,0,12,2023-07-19 04:21:43.000,0x000000001915F432,NULL,NULL
544733683,"A1-004-PC-16
",Native,1,2023-07-19 19:06:46.000,0,0,18,2023-07-19 19:06:05.000,0x000000001915F430,NULL,NULL
544964640,"Authorized’s MacBook Pro
",Native,1,2023-05-08 18:17:23.000,0,0,3,2023-05-08 18:16:36.000,0x0000000014A7DA09,NULL,NULL
544984568,"A1-004-PC-14
",Native,1,2023-07-19 01:02:29.000,0,0,31,2023-07-19 01:02:24.000,0x000000001915F436,NULL,NULL
545011280,"ADUAED15221WKWX
",Native,1,2023-06-05 20:54:06.000,0,0,11,2023-06-05 20:53:46.000,0x0000000019160F0F,NULL,NULL
545012555,"A1-004-PC-10
",Native,1,2023-07-19 04:58:30.000,0,0,15,2023-07-19 04:57:49.000,0x000000001915F4C4,NULL,NULL
545066745,"RK-MR-SPARE-SPA
",Native,1,2023-06-21 05:19:42.000,0,0,7,2023-06-21 05:19:38.000,0x000000001605AA67,NULL,NULL
545244234,"A1-004-PC-30
",Native,1,2023-07-19 04:56:35.000,0,0,15,2023-07-19 04:53:03.000,0x000000001915F4D7,NULL,NULL
545337119,"RK-MR-SPARE-SPA
",Native,1,2023-06-21 06:47:26.000,0,0,5,2023-06-21 06:47:21.000,0x000000001605AA40,NULL,NULL
545430622,"ENG-LOANER-12
",Native,1,2023-07-14 15:14:48.000,0,0,13,2023-07-14 15:14:30.000,0x000000001915F497,NULL,NULL
545447847,"ENG-LOANER-16
",Native,1,2023-07-17 07:41:21.000,0,0,66,2023-07-17 07:41:00.000,0x0000000019160F0A,NULL,NULL
545452576,"ADUAED16236LPWX
",Native,1,2023-06-21 12:02:04.000,0,0,13,2023-06-21 12:02:00.000,0x0000000019160EAE,NULL,NULL
545475696,"A1-004-PC-07
",Native,1,2023-07-19 00:32:46.000,0,0,32,2023-07-19 00:32:44.000,0x000000001915F46A,NULL,NULL
545525677,"ADUAEI17507LPMX
",Native,1,2023-06-20 12:30:09.000,0,0,696,2023-06-20 12:29:50.000,0x000000001915F53F,NULL,NULL
545636309,"ADUAEI15458LPWX
",Native,1,2023-07-13 23:33:22.000,0,0,5,2023-07-13 23:33:17.000,0x0000000019160EDE,NULL,NULL
545639778,"ADUAEI13880LPWX
",Native,1,2023-04-14 08:53:36.000,0,0,58,2023-04-14 08:53:31.000,0x000000001915F47F,NULL,NULL
545791718,"A1-016-FOS-06
",Native,1,2023-07-20 02:15:18.000,0,0,184,2023-07-20 02:15:12.000,0x000000001915F504,NULL,NULL
546035044,"RK-MR-SPARE-SPA
",Native,1,2023-06-09 17:17:35.000,0,0,35,2023-06-09 17:17:01.000,0x0000000014D48475,NULL,NULL
546161938,"ADUAEI12444LPWX
",Native,1,2023-06-08 08:15:16.000,0,0,913,2023-06-08 08:15:10.000,0x000000001915F490,NULL,NULL
546257088,"ADUAED13963LPWX
",Native,1,2023-05-24 16:17:21.000,0,0,30,2023-05-24 16:17:09.000,0x000000001915F548,NULL,NULL
546346477,"ADUAEI12289LPWX
",Native,1,2023-04-17 05:32:59.000,0,0,30,2023-04-17 05:32:25.000,0x000000001915F474,NULL,NULL
546393606,"A1-016-FOS-05
",Native,1,2023-07-20 02:23:18.000,0,0,184,2023-07-20 02:23:14.000,0x000000001915F505,NULL,NULL
546428670,"ADUAED19223LPLX
",Native,1,2023-07-20 09:54:33.000,0,0,26,2023-07-20 09:54:11.000,0x0000000019160EE0,NULL,NULL
546583063,"ADUAEI18272LPWX
",Native,1,2023-07-14 08:33:44.000,0,0,4,2023-07-14 08:33:32.000,0x000000001915F50B,NULL,NULL
546643767,"ADUAED15530LPWX
",Native,1,2023-06-12 05:00:44.000,0,0,179,2023-06-12 05:00:38.000,0x0000000019160EEA,NULL,NULL
546685295,"RK-MR-SPARE-SPA
",Native,1,2023-06-21 04:23:34.000,0,0,6,2023-06-21 04:23:29.000,0x000000001605AA53,NULL,NULL
546693484,"ADUAEI13133LPWX
",Native,1,2023-05-17 12:16:28.000,0,0,7548,2023-05-17 12:16:23.000,0x000000001915F48B,NULL,NULL
546876689,"ADUAEI10552LPWX
",Native,1,2023-06-14 19:59:21.000,0,0,1043,2023-06-14 19:58:13.000,0x000000001915F47A,NULL,NULL
546899449,"XTIAN845F
",Native,1,2023-01-23 13:15:17.000,0,0,214,2023-01-23 13:13:55.000,0x0000000006420BDC,NULL,NULL
546996773,"CHRISLAB2004
",Native,1,2023-04-24 18:22:00.000,0,0,834,2023-04-24 18:21:47.000,0x0000000012F1FCA3,NULL,NULL
547014526,"ADUAEI15542LPWX
",Native,1,2023-05-30 10:01:29.000,0,0,480,2023-05-30 10:01:26.000,0x0000000019160EFD,NULL,NULL
547063473,"A1-016-FOS-03
",Native,1,2023-07-20 00:01:40.000,0,0,181,2023-07-20 00:00:48.000,0x000000001915F453,NULL,NULL
547080151,"ENG-LOANER-17
",Native,1,2023-07-14 09:08:00.000,0,0,39,2023-07-14 09:07:42.000,0x0000000019160EE2,NULL,NULL
547188558,"ADUAEI18287LPWX
",Native,1,2023-07-12 08:08:49.000,0,0,5,2023-07-12 08:05:02.000,0x0000000019160F0E,NULL,NULL
547221800,"RK-MR-SPARE-SPA
",Native,1,2023-06-21 06:33:34.000,0,0,6,2023-06-21 06:33:27.000,0x000000001605AA76,NULL,NULL
547563184,"NYUADI14021LPMX
",Native,1,2023-04-27 04:07:42.000,0,0,35,2023-04-27 04:06:57.000,0x000000000F5C623E,NULL,NULL
547595058,"A1-004-PC-32
",Native,1,2023-07-19 19:20:35.000,0,0,19,2023-07-19 19:16:30.000,0x000000001915F562,NULL,NULL
547621259,"RK-MR-C2-E001-2
",Native,1,2023-06-11 02:27:52.000,0,0,40,2023-06-11 02:27:14.000,0x0000000014DC3C0A,NULL,NULL
547723729,"IT13867NOADTEST
",Native,1,2023-01-24 06:57:02.000,0,0,539,2023-01-24 06:56:48.000,0x000000000671267C,NULL,NULL
547833968,"ADUAEI18108LPWX
",Native,1,2023-06-15 08:48:40.000,0,0,8,2023-06-15 08:48:06.000,0x0000000019160EDC,NULL,NULL
547839318,"A1-017-FOS-08
",Native,1,2023-07-20 02:23:00.000,0,0,181,2023-07-20 02:22:57.000,0x000000001915F498,NULL,NULL
548099079,"ADUAED19090LPWX
",Native,1,2023-05-25 10:44:54.000,0,0,19,2023-05-25 10:44:42.000,0x0000000019160EB1,NULL,NULL
548227575,"ADUAEI13642LNWX
",Native,1,2023-07-07 08:30:15.000,0,0,1,2023-07-07 08:30:07.000,0x000000001915F45C,NULL,NULL
548240073,"ADUAEI15354LNWX
",Native,1,2023-06-05 10:14:28.000,0,0,30,2023-06-05 10:14:00.000,0x0000000019160EC8,NULL,NULL
548429969,"ADUAE07098WK-W7
",Native,1,2023-07-20 07:52:57.000,0,0,124,2023-07-20 07:46:47.000,0x0000000019160EE6,NULL,NULL
548445866,"RK-MR-C2-E001-2
",Native,1,2023-06-15 02:48:11.000,0,0,53,2023-06-15 02:47:27.000,0x00000000154E001A,NULL,NULL
548458803,"Dimitra’s MacBook Air
",Native,1,2023-05-03 11:25:38.000,0,0,7,2023-05-03 11:25:23.000,0x000000001402CE69,NULL,NULL
548579980,"A1-004-PC-20
",Native,1,2023-07-19 19:21:34.000,0,0,20,2023-07-19 19:17:08.000,0x000000001915F487,NULL,NULL
548602657,"ENG-LOANER-11
",Native,1,2023-07-14 09:07:54.000,0,0,58,2023-07-14 09:07:32.000,0x0000000019160ECB,NULL,NULL
548671140,"ADUAED19222LPLX
",Native,1,2023-07-20 10:01:58.000,0,0,336,2023-07-20 10:00:23.000,0x0000000019160F08,NULL,NULL
548724465,"ADUAEI18255LPWX
",Native,1,2023-05-03 07:22:42.000,0,0,69,2023-05-03 07:22:02.000,0x000000001915F46E,NULL,NULL
548745783,"ENG-LOANER-22
",Native,1,2023-07-18 08:16:30.000,0,0,16,2023-07-18 08:16:13.000,0x000000001915F4DE,NULL,NULL
548892217,"ADUAEI12289LPWX
",Native,1,2023-05-22 16:54:52.000,0,0,31,2023-05-22 16:54:50.000,0x000000001915F48A,NULL,NULL
548894748,"DESKTOP-C0PO72J
",Native,1,2023-05-13 08:10:22.000,0,0,110,2023-05-13 08:10:02.000,0x0000000014EBB110,NULL,NULL
549021022,"A1-004-PC-06
",Native,1,2023-07-19 19:07:04.000,0,0,20,2023-07-19 19:06:16.000,0x000000001915F4D3,NULL,NULL
549246378,"RK-MR-C2-E001-2
",Native,1,2023-06-21 03:32:53.000,0,0,8,2023-06-21 03:32:50.000,0x000000001605AA72,NULL,NULL
549284685,"A1-004-PC-32
",Native,1,2023-07-19 00:40:14.000,0,0,31,2023-07-19 00:40:10.000,0x000000001915F49B,NULL,NULL
549372160,"ADUAEI08824LPWX
",Native,1,2023-05-30 10:15:48.000,0,0,26,2023-05-30 10:15:39.000,0x000000001915F525,NULL,NULL
549484210,"RK-MR-SPARE-SPA
",Native,1,2023-06-21 05:36:31.000,0,0,7,2023-06-21 05:36:29.000,0x000000001605AA6C,NULL,NULL
549615852,"A1-016-FOS-02
",Native,1,2023-07-20 02:55:31.000,0,0,184,2023-07-20 02:55:26.000,0x000000001915F533,NULL,NULL
549675675,"ADUAEI16576LNWX
",Native,1,2023-04-10 04:35:41.000,0,0,7,2023-04-10 04:35:38.000,0x0000000019160EA9,NULL,NULL
549867811,"ADUAED17072WKWX
",Native,1,2023-07-17 09:56:11.000,0,0,7,2023-07-17 09:56:01.000,0x0000000019160EFF,NULL,NULL
550000014,"ENG-LOANER-37
",Native,1,2023-07-14 14:20:17.000,0,0,70,2023-07-14 14:20:11.000,0x0000000019160EAD,NULL,NULL
550005447,"ADUAEI12783LNWX
",Native,1,2023-05-23 07:35:31.000,0,0,1572,2023-05-23 07:35:26.000,0x000000001915F441,NULL,NULL
550272840,"ADUAED16233LPWX
",Native,1,2023-06-08 12:38:45.000,0,0,12,2023-06-08 12:38:34.000,0x0000000019160E96,NULL,NULL
550301137,"A1-004-AVPC-01
",Native,1,2023-07-19 19:01:34.000,0,0,17,2023-07-19 19:00:52.000,0x000000001915F53C,NULL,NULL
550304462,"A1-004-PC-05
",Native,1,2023-07-19 19:06:46.000,0,0,18,2023-07-19 19:05:54.000,0x000000001915F49E,NULL,NULL
550351520,"RK-MR-SPARE-SPA
",Native,1,2023-06-17 02:12:10.000,0,0,20,2023-06-17 02:11:37.000,0x00000000159D990C,NULL,NULL
550372293,"ADUAEI18178LPWX
",Native,1,2023-06-05 11:35:24.000,0,0,6,2023-06-05 11:35:01.000,0x0000000019160EB8,NULL,NULL
550681119,"ENG-LOANER-33
",Native,1,2023-07-13 11:51:21.000,0,0,40,2023-07-13 11:50:52.000,0x0000000019160F13,NULL,NULL
551190005,"RK-MR-SPARE-SPA
",Native,1,2023-06-21 04:49:50.000,0,0,5,2023-06-21 04:49:43.000,0x000000001605AA64,NULL,NULL
551263745,"ENG-LOANER-11
",Native,1,2023-07-12 11:10:49.000,0,0,5,2023-07-12 11:10:48.000,0x000000001915F4E8,NULL,NULL
551295391,"ENG-LOANER-07
",Native,1,2023-07-18 07:20:03.000,0,0,26,2023-07-18 07:19:56.000,0x000000001915F44A,NULL,NULL
551298473,"ADUAEI18256LPWX
",Native,1,2023-07-13 12:57:40.000,0,0,227,2023-07-13 12:57:07.000,0x0000000019160F15,NULL,NULL
551477320,"RK-MR-C2-E001-2
",Native,1,2023-06-13 02:16:32.000,0,0,44,2023-06-13 02:15:54.000,0x0000000014F9A361,NULL,NULL
551545983,"ENG-LOANER-38
",Native,1,2023-07-12 21:48:51.000,0,0,51,2023-07-12 21:48:49.000,0x0000000019160EED,NULL,NULL
551605267,"CS-LOANER-PC-01
",Native,1,2023-03-31 00:54:17.000,0,0,106,2023-03-31 00:54:05.000,0x000000000E89F0DC,NULL,NULL
551640109,"ADUAEI12896LPWX
",Native,1,2023-05-25 11:04:11.000,0,0,88,2023-05-25 11:03:49.000,0x000000001915F4EC,NULL,NULL
551679418,"A1-004-PC-25
",Native,1,2023-07-19 19:13:10.000,0,0,20,2023-07-19 19:12:23.000,0x000000001915F49C,NULL,NULL
551687860,"Ali’s iMac
",Native,1,2023-04-30 06:44:13.000,0,0,4,2023-04-30 06:44:11.000,0x0000000013615BB6,NULL,NULL
551732508,"ADUAEI08796LPWX
",Native,1,2023-05-28 04:03:01.000,0,0,46,2023-05-28 04:02:58.000,0x0000000019160ECC,NULL,NULL
552465530,"ADUAED12213LPMX
",Native,1,2023-04-06 17:32:51.000,0,0,21,2023-04-06 17:32:40.000,0x000000001915F459,NULL,NULL
552514030,"ADUAEI15919LPWX
",Native,1,2023-07-13 14:17:30.000,0,0,10,2023-07-13 14:13:14.000,0x0000000019160EF8,NULL,NULL
552592103,"RK-MR-SPARE-SPA
",Native,1,2023-06-21 05:51:16.000,0,0,6,2023-06-21 05:51:11.000,0x000000001605AA62,NULL,NULL
552657209,"ADUAEI18253LPWX
",Native,1,2023-05-30 11:14:31.000,0,0,3,2023-05-30 11:14:28.000,0x000000001915F495,NULL,NULL
552793716,"ADUAED16969LPWX
",Native,1,2023-07-06 15:20:53.000,0,0,83,2023-07-06 15:19:06.000,0x000000001915F46F,NULL,NULL
552819408,"A1-016-FOS-08
",Native,1,2023-07-20 01:39:08.000,0,0,178,2023-07-20 01:39:01.000,0x000000001915F514,NULL,NULL
552885598,"ivansemyan
",Native,1,2023-04-17 11:25:23.000,0,0,11,2023-04-17 11:25:14.000,0x0000000011DFD1D8,NULL,NULL
553458090,"ADUAED08644WKWX
",Native,1,2023-07-20 10:00:04.000,0,0,45,2023-07-20 09:59:47.000,0x0000000019160F16,NULL,NULL
553471534,"IT13867NOADTEST
",Native,1,2023-01-24 08:39:04.000,0,0,4,2023-01-24 08:38:48.000,0x0000000006712B66,NULL,NULL
553571373,"ADUAED19169LPLX
",Native,1,2023-07-05 11:17:16.000,0,0,102,2023-07-05 11:09:57.000,0x0000000019160EC7,NULL,NULL
553597354,"ADUAEI13375LPMX
",Native,1,2023-06-21 10:24:34.000,0,0,4,2023-06-21 10:24:20.000,0x000000001915F555,NULL,NULL
1073826140,"ADUAEI18168LPWX
",Native,1,2023-07-17 12:01:29.000,0,0,20,2023-07-17 12:01:15.000,0x0000000019160EE7,NULL,NULL
1073846439,"ADUAED15982LPLX
",Native,1,2023-07-20 09:57:18.000,0,0,2,2023-07-20 09:57:01.000,0x0000000019160EA8,NULL,NULL
1074123329,"ADUAEI12464LNWX
",Native,1,2023-06-05 05:54:30.000,0,0,10,2023-06-05 05:52:23.000,0x000000001915F51C,NULL,NULL
1074124870,"A1-004-PC-12
",Native,1,2023-07-19 04:56:14.000,0,0,16,2023-07-19 04:55:21.000,0x000000001915F465,NULL,NULL
1074181867,"ADUAEI18284LPWX
",Native,1,2023-05-30 08:54:46.000,0,0,33,2023-05-30 08:54:44.000,0x000000001915F466,NULL,NULL
1074264907,"ADUAEI18131LPWX
",Native,1,2023-05-05 04:40:49.000,0,0,1114,2023-05-05 04:40:28.000,0x000000001915F44B,NULL,NULL
1074334459,"ADUAEI12289LPWX
",Proxy - Bare Metal Extender,1,2023-05-24 08:56:20.000,0,0,290,2023-05-22 08:57:19.000,0x000000001915F778,NULL,NULL
1074444171,"ADUAED01414LPWX
",Native,1,2023-07-03 11:32:52.000,0,0,80,2023-07-03 11:30:56.000,0x0000000019160EB9,NULL,NULL
1074471397,"RK-MR-SPARE-SPA
",Native,1,2023-06-09 22:30:15.000,0,0,21,2023-06-09 22:29:45.000,0x0000000014D48476,NULL,NULL
1074590057,"chrislabubuntu16
",Native,1,2023-05-04 06:45:14.000,0,0,5396,2023-05-04 06:45:02.000,0x00000000141C9E44,NULL,NULL
1074705115,"HYPERVTESTBENCH
",Native,1,2022-10-18 20:22:12.000,0,0,21,2022-10-18 20:22:04.000,0x00000000013EFD11,NULL,NULL
1074756440,"ENG-LOANER-06
",Native,1,2023-07-17 11:05:21.000,0,0,11,2023-07-17 11:05:03.000,0x000000001915F4EB,NULL,NULL
1075203781,"A1-017-FOS-11
",Native,1,2023-07-20 02:13:50.000,0,0,187,2023-07-20 02:13:46.000,0x000000001915F4DB,NULL,NULL
1075226703,"ADUAEI18253LPWX
",Native,1,2023-05-30 12:14:52.000,0,0,8,2023-05-30 12:14:27.000,0x0000000019160EBE,NULL,NULL
1075767764,"ADUAEI12464LNWX
",Native,1,2023-05-30 05:38:07.000,0,0,2,2023-05-30 05:38:01.000,0x000000001915F4D5,NULL,NULL
1075852070,"ADUAEI18687LPWX
",Native,1,2023-05-01 04:25:48.000,0,0,837,2023-05-01 04:25:46.000,0x000000001915F52D,NULL,NULL
1076148902,"DESKTOP-LBNUH1U
",Native,1,2023-07-20 09:57:30.000,0,0,20783,2023-07-20 09:57:22.000,0x0000000019160ED0,NULL,NULL
1076200414,"ADUAEI18271LPWX
",Native,1,2023-06-07 07:45:59.000,0,0,19,2023-06-06 23:36:36.000,0x000000001915F481,NULL,NULL
1076231194,"ADUAED08481LPWX
",Native,1,2023-05-08 11:04:27.000,0,0,1753,2023-05-08 11:04:22.000,0x000000001915F458,NULL,NULL
1076306075,"ENG-LOANER-09
",Native,1,2023-07-14 09:08:40.000,0,0,43,2023-07-14 09:08:18.000,0x0000000019160F0C,NULL,NULL
1076383799,"DESKTOP-06N269J
",Native,1,2023-05-21 12:35:04.000,0,0,111,2023-05-21 12:34:59.000,0x00000000126E661B,NULL,NULL
1076486055,"ADUAEI14504LPWX
",Native,1,2023-06-19 12:11:15.000,0,0,7,2023-06-19 12:09:31.000,0x000000001915F447,NULL,NULL
1076570504,"ADUAEI18270LPWX
",Native,1,2023-07-13 08:11:38.000,0,0,6,2023-07-13 07:52:25.000,0x0000000019160ED6,NULL,NULL
1076600994,"ADUAED19121LPWX
",Native,1,2023-05-12 10:35:39.000,0,0,62,2023-05-12 10:35:24.000,0x000000001915F450,NULL,NULL
1076605529,"ADUAEI16248LPWX
",Native,1,2023-04-12 05:13:25.000,0,0,8,2023-04-12 05:13:12.000,0x0000000019160EDA,NULL,NULL
1076641516,"RK-MR-C2-E001-2
",Native,1,2023-06-21 03:38:31.000,0,0,5,2023-06-21 03:38:24.000,0x000000001605AA5B,NULL,NULL
1076671599,"ADUAEI18268LPWX
",Native,1,2023-05-31 11:14:15.000,0,0,95,2023-05-31 11:12:41.000,0x0000000019160F07,NULL,NULL
1076746642,"ADUAED16266LPWX
",Native,1,2023-05-22 15:46:00.000,0,0,13,2023-05-22 15:45:57.000,0x000000001915F4AD,NULL,NULL
1076837239,"apple’s MacBook Pro
",Native,1,2023-04-06 16:46:40.000,0,0,7,2023-04-06 16:46:38.000,0x000000000DF63F3C,NULL,NULL
1076864499,"A1-004-PC-12
",Native,1,2023-07-19 19:08:27.000,0,0,18,2023-07-19 19:07:33.000,0x000000001915F560,NULL,NULL
1077096298,"ADUAEI15674LPWX
",Native,1,2023-07-06 07:09:18.000,0,0,19,2023-07-06 07:05:55.000,0x000000001915F55C,NULL,NULL
1077161865,"DESKTOP-OEUNQFR
",Native,1,2023-06-21 12:58:08.000,0,0,36,2023-06-21 12:57:56.000,0x0000000019160F1B,NULL,NULL
1077178447,"ADUAEI18269LPWX
",Native,1,2023-07-17 07:30:21.000,0,0,20,2023-07-17 07:29:44.000,0x0000000019160F05,NULL,NULL
1077250128,"ADUAEI18284LPWX
",Native,1,2023-05-30 15:20:43.000,0,0,14,2023-05-30 15:20:41.000,0x000000001915F4E2,NULL,NULL
1077383992,"ADUAED16067LPWX
",Native,1,2023-07-13 13:13:27.000,0,0,10,2023-07-13 13:13:10.000,0x0000000019160E97,NULL,NULL
1077413024,"chrisMDMlab-i12’s MacBook Pro
",Native,1,2023-06-16 12:08:13.000,0,0,8,2023-06-16 12:08:04.000,0x00000000157F2CA2,NULL,NULL
1077415946,"ADUAEI14504LPWX
",Native,1,2023-07-11 06:01:14.000,0,0,74,2023-07-11 06:00:54.000,0x0000000019160EB5,NULL,NULL
1077739506,"RK-MR-SPARE-SPA
",Native,1,2023-06-13 02:49:41.000,0,0,47,2023-06-13 02:48:58.000,0x0000000014F9A362,NULL,NULL
1077748769,"RK-MR-SPARE-SPA
",Native,1,2023-06-21 03:44:18.000,0,0,5,2023-06-21 03:44:13.000,0x000000001605AA49,NULL,NULL
1077780442,"cdm436’s MacBook Pro
",Native,1,2023-04-25 16:37:23.000,0,0,5,2023-04-25 16:37:12.000,0x000000000ED2AB60,NULL,NULL
1077885489,"ADUAED05983LPLX
",Native,1,2023-07-20 10:02:32.000,0,0,2,2023-07-20 10:02:14.000,0x0000000019160EBC,NULL,NULL
1078005627,"A1-004-PC-03
",Native,1,2023-07-19 19:01:58.000,0,0,17,2023-07-19 19:01:18.000,0x000000001915F4E9,NULL,NULL
1078037617,"RK-MR-SPARE-SPA
",Native,1,2023-06-21 04:08:44.000,0,0,5,2023-06-21 04:08:39.000,0x000000001605AA57,NULL,NULL
1078226281,"RK-MR-C2-E001-2
",Native,1,2023-06-21 06:29:14.000,0,0,6,2023-06-21 06:29:07.000,0x000000001605AA54,NULL,NULL
1078232381,"NYUAD’s Mac mini
",Native,1,2023-05-29 07:20:55.000,0,0,874,2023-05-29 07:19:44.000,0x0000000014A7DA2B,NULL,NULL
1078236966,"ADUAED15975WKWX
",Native,1,2023-04-22 12:52:05.000,0,0,1364,2023-04-22 12:52:01.000,0x0000000019160EB2,NULL,NULL
1078287197,"ENG-LOANER-36
",Native,1,2023-07-14 12:06:47.000,0,0,70,2023-07-14 12:06:41.000,0x0000000019160ED3,NULL,NULL
1078316057,"ADUAED19170LPLX
",Native,1,2023-05-22 04:28:54.000,0,0,5,2023-05-22 04:28:37.000,0x0000000019160EF9,NULL,NULL
1078336204,"ADUAEI12889LPWX
",Native,1,2023-05-03 12:45:34.000,0,0,2115,2023-05-03 12:45:29.000,0x0000000019160E95,NULL,NULL
1078456123,"A1-004-PC-18
",Native,1,2023-07-19 01:01:54.000,0,0,32,2023-07-19 01:01:50.000,0x000000001915F531,NULL,NULL
1078896645,"ENG-LOANER-15
",Native,1,2023-07-14 15:19:52.000,0,0,11,2023-07-14 15:19:24.000,0x000000001915F502,NULL,NULL
1079014659,"RK-MR-C2-E001-2
",Native,1,2023-06-21 05:29:13.000,0,0,5,2023-06-21 05:29:08.000,0x000000001605AA77,NULL,NULL
1079039485,"A1-017-FOS-04
",Native,1,2023-07-20 01:21:39.000,0,0,185,2023-07-20 01:21:34.000,0x000000001915F522,NULL,NULL
1079112019,"RK-MR-C2-E001-2
",Native,1,2023-06-17 02:12:24.000,0,0,20,2023-06-17 02:11:50.000,0x00000000159D990E,NULL,NULL
1079142404,"ADUAEI17523LPMX
",Native,1,2023-06-13 12:18:24.000,0,0,7,2023-06-13 12:18:11.000,0x000000001915F4DC,NULL,NULL
1079151392,"ADUAEI15472LNWX
",Native,1,2023-05-03 13:41:46.000,0,0,550,2023-05-03 13:41:09.000,0x000000001915F4F5,NULL,NULL
1079197544,"RK-MR-C2-E001-2
",Native,1,2023-06-21 06:37:16.000,0,0,7,2023-06-21 06:37:09.000,0x000000001605AA74,NULL,NULL
1079310511,"RK-MR-C2-E001-2
",Native,1,2023-06-21 05:23:29.000,0,0,5,2023-06-21 05:23:25.000,0x000000001605AA42,NULL,NULL
1079377355,"A1-004-PC-14
",Native,1,2023-07-19 19:17:59.000,0,0,20,2023-07-19 19:13:25.000,0x000000001915F46B,NULL,NULL
1079401813,"Shahzeb’s MacBook Pro
",Native,1,2023-06-12 11:12:50.000,0,0,5,2023-06-12 11:12:38.000,0x0000000019160EDB,NULL,NULL
1079495407,"A1-004-PC-04
",Native,1,2023-07-19 00:20:29.000,0,0,33,2023-07-19 00:20:27.000,0x000000001915F4E4,NULL,NULL
1079567380,"WIN-DDH29T31AK0
",Native,1,2023-07-06 10:01:29.000,0,0,19,2023-07-06 10:01:23.000,0x0000000019160EC9,NULL,NULL
1079595044,"DESKTOP-QI58NFK
",Native,1,2023-05-13 11:44:47.000,0,0,13,2023-05-13 11:44:31.000,0x0000000014EBB113,NULL,NULL
1079711354,"A1-004-AVPC-01
",Native,1,2023-07-19 05:03:22.000,0,0,12,2023-07-19 05:02:42.000,0x000000001915F521,NULL,NULL
1079742773,"ADUAEI11759LPWX
",Native,1,2023-04-13 21:39:34.000,0,0,115,2023-04-13 21:34:30.000,0x000000001915F43A,NULL,NULL
1079781242,"ADUAEI14573LNWX
",Native,1,2023-05-30 08:29:24.000,0,0,4776,2023-05-30 08:29:17.000,0x000000001915F4C9,NULL,NULL
1079829921,"ADUAED16265LPWX
",Native,1,2023-05-22 14:04:15.000,0,0,23,2023-05-22 14:03:59.000,0x0000000019160EC3,NULL,NULL
1079833770,"ADUAED09939LPMX
",Native,1,2023-04-07 11:35:36.000,0,0,51,2023-04-07 11:35:26.000,0x000000001915F541,NULL,NULL
1080065497,"XTIAN845F
",Native,1,2023-01-24 09:55:04.000,0,0,1,2023-01-24 09:55:02.000,0x000000000671390F,NULL,NULL
1080110168,"A1-004-PC-02
",Native,1,2023-07-19 00:47:56.000,0,0,31,2023-07-19 00:47:51.000,0x000000001915F528,NULL,NULL
1080188692,"A1-004-PC-15
",Native,1,2023-07-19 04:08:44.000,0,0,15,2023-07-19 04:07:55.000,0x000000001915F4BB,NULL,NULL
1080270959,"RK-MR-C2-E001-2
",Native,1,2023-06-16 02:42:03.000,0,0,32,2023-06-16 02:41:29.000,0x00000000157F2CA1,NULL,NULL
1080305058,"ADUAEI10779LPWX
",Native,1,2023-04-07 09:21:55.000,0,0,113,2023-04-07 09:20:59.000,0x000000001915F550,NULL,NULL
1080436377,"RK-MR-C2-E001-2
",Native,1,2023-06-21 04:11:58.000,0,0,6,2023-06-21 04:11:54.000,0x000000001605AA4A,NULL,NULL
1080501897,"MONICAPC
",Native,1,2023-04-17 20:55:54.000,0,0,21,2023-04-17 20:55:18.000,0x00000000120145D4,NULL,NULL
1080576935,"DESKTOP-3B55KSM
",Native,1,2023-05-23 16:23:16.000,0,0,427,2023-05-23 16:22:50.000,0x0000000012D2A9D6,NULL,NULL
1080703357,"ADUAEI15710LPMX
",Native,1,2023-05-30 04:42:13.000,0,0,314,2023-05-30 04:42:02.000,0x0000000019160F18,NULL,NULL
1080715810,"RK-MR-SPARE-SPA
",Native,1,2023-06-21 04:03:05.000,0,0,6,2023-06-21 04:02:54.000,0x000000001605AA4E,NULL,NULL
1080907892,"ADUAEI18279LPWX
",Native,1,2023-06-07 12:19:55.000,0,0,7,2023-06-07 12:19:35.000,0x0000000019160EC4,NULL,NULL
1081105765,"ADUAEI12356LPMX
",Native,1,2023-04-25 14:23:35.000,0,0,5,2023-04-25 14:23:20.000,0x000000001915F4B1,NULL,NULL
1081149468,"ADUAED15980LPLX
",Native,1,2023-07-20 09:57:17.000,0,0,2,2023-07-20 09:56:59.000,0x0000000019160EA2,NULL,NULL
1081347117,"A1-016-FOS-01
",Native,1,2023-07-20 00:00:11.000,0,0,183,2023-07-19 23:59:20.000,0x000000001915F535,NULL,NULL
1081618497,"ENG-LOANER-08
",Native,1,2023-07-18 07:21:05.000,0,0,21,2023-07-18 07:20:58.000,0x0000000019160F1D,NULL,NULL
1081769711,"ADUAED15061WKLX
",Native,1,2023-07-20 09:52:08.000,0,0,5717,2023-07-20 09:49:35.000,0x0000000019160EE4,NULL,NULL
1082094389,"ADUAEI15711LPMX
",Native,1,2023-05-15 10:09:33.000,0,0,680,2023-05-15 10:09:15.000,0x000000001915F472,NULL,NULL
1082187118,"ADUAED08481LPWX
",Native,1,2023-05-09 11:44:57.000,0,0,17,2023-05-09 11:44:43.000,0x000000001915F520,NULL,NULL
1082223692,"A1-004-PC-32
",Native,1,2023-07-19 04:31:21.000,0,0,13,2023-07-19 04:27:08.000,0x000000001915F483,NULL,NULL
1082412325,"RK-MR-SPARE-SPA
",Native,1,2023-06-21 06:19:53.000,0,0,7,2023-06-21 06:19:50.000,0x000000001605AA46,NULL,NULL
1082514912,"A1-004-PC-30
",Native,1,2023-07-19 02:40:19.000,0,0,34,2023-07-19 02:40:14.000,0x000000001915F43E,NULL,NULL
1082648879,"DESKTOP-F4MN7BP
",Native,1,2023-03-26 10:40:36.000,0,0,7,2023-03-26 10:40:24.000,0x000000000ECF53CF,NULL,NULL
1082846450,"A1-004-PC-02
",Native,1,2023-07-19 19:10:31.000,0,0,18,2023-07-19 19:09:45.000,0x000000001915F468,NULL,NULL
1082851002,"A1-016-FOS-09
",Native,1,2023-07-20 01:48:02.000,0,0,182,2023-07-20 01:47:57.000,0x000000001915F4B0,NULL,NULL
1083132172,"ENG-LOANER-32
",Native,1,2023-07-14 15:20:45.000,0,0,11,2023-07-14 15:20:29.000,0x000000001915F4CB,NULL,NULL
1083143268,"apple’s MacBook Pro
",Native,1,2023-04-05 06:49:07.000,0,0,8,2023-04-05 06:49:01.000,0x000000000CCFEB12,NULL,NULL
1083215634,"ADUAEI15854LPMX
",Native,1,2023-04-27 10:30:56.000,0,0,561,2023-04-27 10:30:54.000,0x0000000019160F0D,NULL,NULL
1083236203,"ChrisM1Lab2’s Virtual Machine
",Native,1,2023-05-10 05:05:22.000,0,0,394,2023-05-10 05:05:11.000,0x000000001102E351,NULL,NULL
1083251527,"ADUAEI12289LPLX
",Native,1,2023-04-10 10:57:12.000,0,0,7,2023-04-10 10:56:26.000,0x0000000019160EA7,NULL,NULL
1083267833,"ADUAEI18269LPWX
",Native,1,2023-07-12 07:53:59.000,0,0,9,2023-07-12 07:51:47.000,0x000000001915F4F3,NULL,NULL
1083386782,"ADUAEI14504LPWX
",Native,1,2023-06-19 09:13:01.000,0,0,67,2023-06-19 09:12:30.000,0x000000001915F503,NULL,NULL
1083445795,"ADUAEI12289LPWX
",Native,1,2023-05-25 07:22:29.000,0,0,68,2023-05-25 07:21:56.000,0x000000001915F564,NULL,NULL
1083477246,"ADUAED16236LPWX
",Native,1,2023-06-21 10:56:06.000,0,0,8,2023-06-21 10:55:57.000,0x000000001915F456,NULL,NULL
1083559883,"A1-004-PC-20
",Native,1,2023-07-19 04:54:14.000,0,0,14,2023-07-19 04:50:34.000,0x000000001915F50C,NULL,NULL
1083570271,"XTIAN845F
",Native,1,2023-01-24 11:01:49.000,0,0,11,2023-01-24 11:01:37.000,0x0000000006714FC0,NULL,NULL
1083632233,"ADUAEI18271LPWX
",Native,1,2023-06-07 08:39:01.000,0,0,6,2023-06-07 08:38:35.000,0x000000001915F445,NULL,NULL
1083892611,"ADUAEI15354LNWX
",Native,1,2023-05-19 12:59:59.000,0,0,1652,2023-05-19 12:59:54.000,0x000000001915F4B8,NULL,NULL
1083997512,"ADUAEI13408LPWX
",Native,1,2023-04-18 05:13:20.000,0,0,6,2023-04-18 05:13:14.000,0x0000000019160EF1,NULL,NULL
1084238662,"RK-MR-C2-E001-2
",Native,1,2023-06-21 04:26:56.000,0,0,7,2023-06-21 04:26:53.000,0x000000001605AA5D,NULL,NULL
1084536267,"A1-004-PC-04
",Native,1,2023-07-19 04:09:04.000,0,0,14,2023-07-19 04:02:59.000,0x000000001915F464,NULL,NULL
1084606394,"ENG-LOANER-23
",Native,1,2023-07-18 08:16:03.000,0,0,36,2023-07-18 08:15:51.000,0x0000000019160F11,NULL,NULL
1084795085,"RK-MR-C2-E001-2
",Native,1,2023-06-09 22:24:13.000,0,0,23,2023-06-09 22:23:44.000,0x0000000014D48472,NULL,NULL
1084919873,"ADUAEI12289LPWX
",Native,1,2023-05-25 08:19:56.000,0,0,8,2023-05-25 08:19:48.000,0x000000001915F435,NULL,NULL
1084922447,"ADUAEI12289LPWX
",Native,1,2023-06-05 06:17:33.000,0,0,37,2023-06-05 06:17:24.000,0x0000000019160ECF,NULL,NULL
1084924406,"XTIAN845F
",Native,1,2023-01-24 10:13:35.000,0,0,9,2023-01-24 10:13:03.000,0x0000000006713336,NULL,NULL
1084946817,"chrisMDMlab-i12’s MacBook Pro
",Native,1,2023-06-16 08:32:03.000,0,0,5,2023-06-16 08:31:59.000,0x00000000157F2C9F,NULL,NULL
1084958394,"Anwar’s MacBook Pro
",Native,1,2023-06-16 07:11:48.000,0,0,8,2023-06-16 07:11:35.000,0x0000000019160EC5,NULL,NULL
1085671340,"A1-004-PC-10
",Native,1,2023-07-19 19:05:38.000,0,0,18,2023-07-19 19:04:56.000,0x000000001915F4F8,NULL,NULL
1085678656,"ADUAEI18916LPWX
",Native,1,2023-06-20 10:59:00.000,0,0,6,2023-06-20 10:58:37.000,0x000000001915F4FC,NULL,NULL
1085792253,"ADUAEI17624LPMX
",Native,1,2023-06-08 13:17:30.000,0,0,7,2023-06-08 13:17:18.000,0x000000001915F561,NULL,NULL
1085885876,"XTIAN845F
",Native,1,2023-01-24 09:20:24.000,0,0,31,2023-01-24 09:20:22.000,0x0000000006713335,NULL,NULL
1085921004,"RK-MR-SPARE-SPA
",Native,1,2023-06-21 04:56:25.000,0,0,6,2023-06-21 04:56:17.000,0x000000001605AA3E,NULL,NULL
1085970874,"PROTOCHIPS
",Native,1,2023-05-25 20:53:36.000,0,0,14,2023-05-25 20:53:21.000,0x0000000019160EAF,NULL,NULL
1086038345,"RK-MR-C2-E001-2
",Native,1,2023-06-21 04:51:03.000,0,0,5,2023-06-21 04:50:57.000,0x000000001605AA4B,NULL,NULL
1086286850,"ADUAED14525LPMX
",Native,1,2023-05-24 12:42:45.000,0,0,42,2023-05-24 12:42:12.000,0x0000000019160EEB,NULL,NULL
1086383644,"chrisMDMlab-i12’s MacBook Pro
",Native,1,2023-07-03 03:49:37.000,0,0,34,2023-07-03 03:49:28.000,0x0000000019160EEE,NULL,NULL
1086456666,"RK-MR-C2-E001-2
",Native,1,2023-06-20 02:50:17.000,0,0,40,2023-06-20 02:49:37.000,0x0000000015F4A6C5,NULL,NULL
1086505307,"RK-MR-C2-E001-2
",Native,1,2023-06-13 06:04:37.000,0,0,11,2023-06-13 06:04:05.000,0x0000000014F9A367,NULL,NULL
1086750877,"ADUAEI14573LNWX
",Native,1,2023-07-18 08:17:26.000,0,0,9,2023-07-18 08:17:20.000,0x0000000019160F02,NULL,NULL
1086856089,"RK-MR-C2-E001-2
",Native,1,2023-06-21 05:17:36.000,0,0,5,2023-06-21 05:17:30.000,0x000000001605AA6F,NULL,NULL
1086982235,"A1-004-PC-29
",Native,1,2023-07-19 04:47:16.000,0,0,15,2023-07-19 04:43:43.000,0x000000001915F53D,NULL,NULL
1087130274,"RK-MR-SPARE-SPA
",Native,1,2023-06-21 03:50:01.000,0,0,5,2023-06-21 03:49:56.000,0x000000001605AA58,NULL,NULL
1087200961,"ADUAEI11759LPWX
",Native,1,2023-07-10 10:43:59.000,0,0,8,2023-07-10 10:43:23.000,0x000000001915F44C,NULL,NULL
1087205877,"A1-016-FOS-11
",Native,1,2023-07-20 01:09:21.000,0,0,191,2023-07-20 01:09:16.000,0x000000001915F4BC,NULL,NULL
1087237413,"ADUAEI11224LPWX
",Native,1,2023-04-10 10:48:53.000,0,0,219,2023-04-10 10:48:39.000,0x000000001915F4D4,NULL,NULL
1087251828,"ADUAED19003LPLX
",Native,1,2023-07-19 11:17:51.000,0,0,2,2023-07-19 11:17:28.000,0x0000000019160ED9,NULL,NULL
1087351957,"MacBook Pro
",Native,1,2023-05-23 08:30:13.000,0,0,5,2023-05-23 08:30:02.000,0x0000000012B2DA90,NULL,NULL
1087452509,"ADUAEI15674LPWX
",Native,1,2023-06-19 10:19:09.000,0,0,699,2023-06-19 10:18:37.000,0x000000001915F4F6,NULL,NULL
1087524907,"ADUAEI02170WKWX
",Native,1,2023-07-19 08:18:31.000,0,0,176,2023-07-19 08:18:17.000,0x0000000019160F17,NULL,NULL
1087716172,"ADUAED19027LPWX
",Native,1,2023-05-09 11:25:15.000,0,0,6,2023-05-09 11:25:05.000,0x0000000019160EBF,NULL,NULL
1087853515,"A1-004-PC-28
",Native,1,2023-07-19 04:58:18.000,0,0,16,2023-07-19 04:54:22.000,0x000000001915F4B3,NULL,NULL
1087953324,"ADUAEI12289LPWX
",Native,1,2023-05-22 10:48:15.000,0,0,31,2023-05-22 10:48:11.000,0x000000001915F509,NULL,NULL
1087978448,"ADUAEI17561LPMX
",Native,1,2023-06-06 08:56:49.000,0,0,12,2023-06-06 08:56:44.000,0x000000001915F542,NULL,NULL
1087996204,"ADUAEI16884LPWX
",Native,1,2023-06-16 09:38:25.000,0,0,12,2023-06-16 09:38:08.000,0x000000001915F559,NULL,NULL
1088073679,"ADUAED18835LPWX
",Native,1,2023-05-12 12:15:44.000,0,0,20,2023-05-12 12:14:47.000,0x000000001915F52A,NULL,NULL
1088209770,"ADUAED16808LPLX
",Native,1,2023-06-06 07:01:31.000,0,0,4,2023-06-06 07:01:13.000,0x0000000019160EDF,NULL,NULL
1088263500,"RK-MR-C2-E001-2
",Native,1,2023-06-21 06:13:53.000,0,0,6,2023-06-21 06:13:45.000,0x000000001605AA75,NULL,NULL
1088364368,"ADUAEI13375LPMX
",Native,1,2023-06-21 12:27:07.000,0,0,1587,2023-06-21 12:26:55.000,0x000000001915F442,NULL,NULL
1088374431,"NYUADI14021LPMX
",Native,1,2023-05-01 11:14:34.000,0,0,44,2023-05-01 11:14:21.000,0x0000000013A1DED0,NULL,NULL
1088466621,"ADUAEI18178LPWX
",Native,1,2023-06-05 10:51:23.000,0,0,6,2023-06-05 10:50:57.000,0x000000001915F48D,NULL,NULL
1088514020,"ADUAEI12572LPWX
",Native,1,2023-06-08 11:30:43.000,0,0,68,2023-06-08 11:30:17.000,0x0000000019160ECA,NULL,NULL
1088607353,"ADUAEI16037LPMX
",Native,1,2023-04-17 12:35:21.000,0,0,502,2023-04-17 12:35:03.000,0x0000000019160EB0,NULL,NULL
1088624138,"ADUAED07388LPWX
",Native,1,2023-06-29 06:47:07.000,0,0,21,2023-06-29 06:46:44.000,0x0000000019160E9A,NULL,NULL
1088689771,"ADUAEB13379LPWX
",Native,1,2023-06-26 11:00:35.000,0,0,109,2023-06-26 11:00:31.000,0x0000000019160E94,NULL,NULL
1088903680,"DCVDI-V1057-ERP
",Native,1,2023-04-28 16:53:31.000,0,0,3832,2023-04-28 16:53:08.000,0x000000001915F494,NULL,NULL
1088939019,"RK-MR-SPARE-SPA
",Native,1,2023-06-12 02:28:52.000,0,0,38,2023-06-12 02:28:18.000,0x0000000014EBB11E,NULL,NULL
1089134187,"A1-004-PC-17
",Native,1,2023-07-19 19:02:42.000,0,0,18,2023-07-19 19:02:00.000,0x000000001915F448,NULL,NULL
1089202035,"RK-MR-SPARE-SPA
",Native,1,2023-06-13 10:50:12.000,0,0,14,2023-06-13 10:49:42.000,0x0000000014F9A368,NULL,NULL
1089236817,"A1-017-FOS-09
",Native,1,2023-07-20 02:33:25.000,0,0,182,2023-07-20 02:33:19.000,0x000000001915F532,NULL,NULL
1089301104,"ADUAED13898WKWX
",Native,1,2023-07-20 09:56:07.000,0,0,7853,2023-07-20 09:56:01.000,0x0000000019160EF5,NULL,NULL
1089324154,"RK-MR-SPARE-SPA
",Native,1,2023-06-08 02:30:22.000,0,0,43,2023-06-08 02:29:51.000,0x0000000014A7DA29,NULL,NULL
1089328060,"ENG-LOANER-27
",Native,1,2023-07-17 10:59:06.000,0,0,13,2023-07-17 10:59:02.000,0x000000001915F563,NULL,NULL
1089507744,"RK-MR-SPARE-SPA
",Native,1,2023-06-21 04:31:34.000,0,0,7,2023-06-21 04:31:28.000,0x000000001605AA61,NULL,NULL
1089578320,"ADUAEI12896LPWX
",Native,1,2023-05-16 10:00:47.000,0,0,1730,2023-05-16 10:00:41.000,0x000000001915F4CF,NULL,NULL
1089621498,"ADUAED19220LPLX
",Native,1,2023-07-20 09:48:02.000,0,0,443,2023-07-20 09:48:01.000,0x0000000019160EFB,NULL,NULL
1089757867,"RK-MR-SPARE-SPA
",Native,1,2023-06-21 02:47:09.000,0,0,42,2023-06-21 02:46:33.000,0x000000001605AA4C,NULL,NULL
1089874409,"ADUAEI04782LPWX
",Native,1,2023-05-18 09:58:28.000,0,0,10,2023-05-18 09:58:24.000,0x0000000019160EC1,NULL,NULL
1090073345,"apple’s MacBook Pro
",Native,1,2023-04-18 16:11:51.000,0,0,4,2023-04-18 16:11:48.000,0x000000000DF63F3D,NULL,NULL
1090083029,"A1-004-PC-02
",Native,1,2023-07-19 04:37:27.000,0,0,13,2023-07-19 04:33:15.000,0x000000001915F523,NULL,NULL
1090124641,"ADUAED17623LPMX
",Native,1,2023-05-17 04:10:07.000,0,0,18,2023-05-17 04:09:14.000,0x0000000019160E9F,NULL,NULL
1090127726,"A1-004-PC-28
",Native,1,2023-07-19 19:11:45.000,0,0,18,2023-07-19 19:11:00.000,0x000000001915F543,NULL,NULL
1090298902,"ADUAEI18273LPWX
",Native,1,2023-06-06 06:44:55.000,0,0,13,2023-06-06 06:44:39.000,0x000000001915F45D,NULL,NULL
1090354634,"A1-004-PC-25
",Native,1,2023-07-19 04:55:04.000,0,0,15,2023-07-19 04:54:21.000,0x000000001915F4B9,NULL,NULL
1090447698,"ADUAED16071WKWX
",Native,1,2023-06-06 23:32:47.000,0,0,22836,2023-06-06 23:32:41.000,0x0000000019160EAA,NULL,NULL
1090489832,"ADUAED15179LPMX
",Native,1,2023-04-18 09:01:32.000,0,0,98,2023-04-18 09:01:20.000,0x000000001915F530,NULL,NULL
1610780455,"RK-MR-C2-E001-2
",Native,1,2023-06-21 04:56:58.000,0,0,5,2023-06-21 04:56:54.000,0x000000001605AA52,NULL,NULL
1610817784,"A1-004-PC-15
",Native,1,2023-07-19 00:50:23.000,0,0,33,2023-07-19 00:50:22.000,0x000000001915F48F,NULL,NULL
1610863338,"cai-001.abudhabi.nyu.edu
",Native,1,2023-05-06 14:11:55.000,0,0,1693,2023-05-06 14:11:50.000,0x0000000011DFD1E5,NULL,NULL
1610911264,"ADUAEI07914LNWX
",Native,1,2023-07-18 17:20:25.000,0,0,15,2023-07-18 17:20:15.000,0x000000001915F516,NULL,NULL
1610979087,"ADUAED19212LPWX
",Native,1,2023-07-12 16:31:45.000,0,0,44,2023-07-12 16:31:09.000,0x0000000019160EEC,NULL,NULL
1611258866,"ADUAED18748LPMX
",Native,1,2023-05-12 09:17:11.000,0,0,57,2023-05-12 09:16:52.000,0x000000001915F4F1,NULL,NULL
1611537752,"ENG-LOANER-20
",Native,1,2023-07-16 22:17:55.000,0,0,40,2023-07-16 22:17:50.000,0x000000001915F4E6,NULL,NULL
1611631834,"A1-004-PC-21
",Native,1,2023-07-18 13:34:56.000,0,0,15,2023-07-18 13:34:03.000,0x000000001915F48E,NULL,NULL
1611824165,"ADUAED18748LPMX
",Native,1,2023-05-13 05:46:57.000,0,0,10,2023-05-13 05:46:55.000,0x000000001915F4B5,NULL,NULL
1612088294,"ADUAED09266LPWX
",Native,1,2023-07-20 07:40:30.000,0,0,3189,2023-07-20 07:40:29.000,0x000000001915F51B,NULL,NULL
1612284311,"A1-004-PC-23
",Native,1,2023-07-19 01:00:23.000,0,0,32,2023-07-19 01:00:17.000,0x000000001915F4FF,NULL,NULL
1612299168,"RK-MR-C2-E001-2
",Native,1,2023-06-21 06:00:53.000,0,0,7,2023-06-21 06:00:48.000,0x000000001605AA71,NULL,NULL
1612425600,"A1-017-FOS-10
",Native,1,2023-07-20 02:37:53.000,0,0,189,2023-07-20 02:37:49.000,0x000000001915F44E,NULL,NULL
1612559067,"A1-004-PC-11
",Native,1,2023-07-19 00:57:45.000,0,0,33,2023-07-19 00:57:42.000,0x000000001915F519,NULL,NULL
1612659027,"ADUAEi10505LPMX
",Native,1,2023-03-29 16:16:53.000,0,0,284,2023-03-29 16:16:40.000,0x000000001915F470,NULL,NULL
1612669639,"A1-004-PC-17
",Native,1,2023-07-19 00:57:34.000,0,0,31,2023-07-19 00:57:30.000,0x000000001915F4CC,NULL,NULL
1612768550,"ADUAED16231WKWX
",Native,1,2023-07-12 11:43:38.000,0,0,32,2023-07-12 11:43:04.000,0x0000000019160F09,NULL,NULL
1612832218,"ADUAEI15472LNWX
",Native,1,2023-05-29 05:03:20.000,0,0,188,2023-05-29 04:49:48.000,0x000000001915F4C1,NULL,NULL
1612895871,"ADUAEI12643LPWX
",Native,1,2023-06-08 08:56:27.000,0,0,8,2023-06-08 08:56:01.000,0x0000000019160EEF,NULL,NULL
1612988728,"A1-004-PC-08
",Native,1,2023-07-19 08:57:35.000,0,0,10,2023-07-19 08:56:49.000,0x000000001915F4AE,NULL,NULL
1613007447,"ADUAEI11759LPWX
",Native,1,2023-04-12 08:03:46.000,0,0,135,2023-04-12 08:02:29.000,0x000000001915F557,NULL,NULL
1613011627,"RK-MR-SPARE-SPA
",Native,1,2023-06-21 03:38:22.000,0,0,5,2023-06-21 03:38:17.000,0x000000001605AA48,NULL,NULL
1613061474,"ENG-LOANER-26
",Native,1,2023-07-18 08:37:01.000,0,0,8,2023-07-18 08:35:33.000,0x0000000019160EA6,NULL,NULL
1613210942,"ADUAEI16195LPMX
",Native,1,2023-05-11 06:38:31.000,0,0,4,2023-05-11 06:38:16.000,0x000000001915F54A,NULL,NULL
1613219669,"CS-LOANER-PC-01
",Native,1,2023-05-11 20:45:44.000,0,0,468,2023-05-11 20:45:20.000,0x0000000014DC3BEC,NULL,NULL
1613359982,"ADUAEI12094LNWX
",Native,1,2023-05-22 11:38:09.000,0,0,1914,2023-05-22 11:38:06.000,0x000000001915F47C,NULL,NULL
1613417844,"ADUAEI17624LPMX
",Native,1,2023-06-08 10:15:17.000,0,0,8,2023-06-08 10:15:01.000,0x000000001915F4A6,NULL,NULL
1613507011,"A1-017-FOS-05
",Native,1,2023-07-20 01:59:50.000,0,0,185,2023-07-20 01:59:45.000,0x000000001915F53B,NULL,NULL
1613615804,"RK-MR-C2-E001-2
",Native,1,2023-06-16 21:42:42.000,0,0,41,2023-06-16 21:39:57.000,0x00000000159D990F,NULL,NULL
1614096312,"ADUAEI10936LPWX
",Native,1,2023-06-07 10:37:02.000,0,0,1229,2023-06-07 10:36:57.000,0x000000001915F501,NULL,NULL
1614185324,"ENG-LOANER-03
",Native,1,2023-07-17 11:18:09.000,0,0,72,2023-07-17 11:18:05.000,0x0000000019160E9C,NULL,NULL
1614304988,"ADUAEI17624LPMX
",Native,1,2023-05-21 07:30:48.000,0,0,12,2023-05-21 07:30:47.000,0x000000001915F55D,NULL,NULL
1614361835,"RK-CL-C2-W008
",Native,1,2023-06-21 06:05:40.000,0,0,164,2023-06-21 06:04:41.000,0x0000000019160ED7,NULL,NULL
1614388540,"MACBOOK2013 (2)
",Native,1,2023-04-11 09:43:00.000,0,0,363,2023-04-11 09:42:44.000,0x000000000E89F0DE,NULL,NULL
1614403412,"A1-004-PC-15
",Native,1,2023-07-19 19:04:30.000,0,0,18,2023-07-19 19:03:48.000,0x000000001915F48C,NULL,NULL
1614407385,"chrisMDMlab-i12’s MacBook Pro
",Native,1,2023-06-16 06:19:35.000,0,0,18,2023-06-16 06:11:33.000,0x00000000157F2CA3,NULL,NULL
1614431626,"ADUAED18905LPLX
",Native,1,2023-05-18 11:00:11.000,0,0,4,2023-05-18 10:59:58.000,0x0000000019160F04,NULL,NULL
1614438686,"A1-004-PC-31
",Native,1,2023-07-19 04:02:38.000,0,0,11,2023-07-19 04:01:58.000,0x000000001915F4C5,NULL,NULL
1614451153,"A1-004-PC-13
",Native,1,2023-07-19 18:59:52.000,0,0,17,2023-07-19 18:59:07.000,0x000000001915F4F4,NULL,NULL
1614609250,"ADUAEI18154LPWX
",Native,1,2023-05-31 11:33:05.000,0,0,28,2023-05-31 11:26:18.000,0x000000001915F544,NULL,NULL
1614695290,"ADUAEI13587LNWX
",Native,1,2023-06-02 08:17:24.000,0,0,11,2023-06-02 08:17:12.000,0x0000000019160EA0,NULL,NULL
1614725851,"ADUAED15179LPMX
",Native,1,2023-04-24 11:01:31.000,0,0,15,2023-04-24 11:01:14.000,0x000000001915F513,NULL,NULL
1614791708,"ADUAEI15646LPMX
",Native,1,2023-05-18 06:57:49.000,0,0,138,2023-05-18 06:57:39.000,0x000000001915F55A,NULL,NULL
1614796238,"ADUAEI12516LNWX
",Native,1,2023-05-31 08:37:42.000,0,0,10,2023-05-31 08:35:12.000,0x0000000019160ECD,NULL,NULL
1614859071,"ADUAEI12289LPWX
",Native,1,2023-05-22 15:17:11.000,0,0,32,2023-05-22 15:17:05.000,0x000000001915F446,NULL,NULL
1614968892,"A1-004-PC-05
",Native,1,2023-07-19 04:17:32.000,0,0,15,2023-07-19 04:13:06.000,0x000000001915F440,NULL,NULL
1615028508,"chrisMDMlab-i12’s MacBook Pro
",Native,1,2023-06-19 05:48:37.000,0,0,9,2023-06-19 05:48:28.000,0x0000000015B05269,NULL,NULL
1615203802,"RK-MR-C2-E001-2
",Native,1,2023-06-13 07:22:11.000,0,0,1,2023-06-13 07:22:05.000,0x0000000014F9A360,NULL,NULL
1615239931,"ENG-LOANER-39
",Native,1,2023-07-14 12:23:54.000,0,0,79,2023-07-14 12:23:47.000,0x0000000019160F03,NULL,NULL
1615358393,"ADUAEI13714LPMX
",Native,1,2023-04-27 04:14:50.000,0,0,41,2023-04-27 04:14:16.000,0x000000001915F517,NULL,NULL
1615399000,"ADUAEI18284LPWX
",Native,1,2023-05-31 07:58:12.000,0,0,2,2023-05-31 07:58:08.000,0x000000001915F551,NULL,NULL
1615432700,"ADUAED13020LPWX
",Native,1,2023-06-03 17:43:54.000,0,0,28,2023-06-03 17:43:32.000,0x0000000019160F0B,NULL,NULL
1615434197,"A1-004-PC-18
",Native,1,2023-07-19 19:13:25.000,0,0,20,2023-07-19 19:12:37.000,0x000000001915F54D,NULL,NULL
1615793003,"A1-004-PC-06
",Native,1,2023-07-19 00:54:13.000,0,0,33,2023-07-19 00:54:08.000,0x000000001915F461,NULL,NULL
1615851346,"ChrisM1Lab2’s Virtual Machine
",Native,1,2023-03-14 13:22:30.000,0,0,49,2023-03-14 13:22:24.000,0x000000000D179D67,NULL,NULL
1615895146,"ADUAEI16886LPWX
",Native,1,2023-05-31 06:42:44.000,0,0,15,2023-05-31 06:42:26.000,0x000000001915F524,NULL,NULL
1615937622,"A1-004-PC-30
",Native,1,2023-07-19 19:02:10.000,0,0,18,2023-07-19 19:01:28.000,0x000000001915F536,NULL,NULL
1615957456,"ADUAEI18166LPWX
",Native,1,2023-07-17 10:04:58.000,0,0,10,2023-07-17 10:04:41.000,0x0000000019160F10,NULL,NULL
1616072555,"ADUAEI18241LPWX
",Native,1,2023-06-05 08:47:27.000,0,0,25,2023-06-05 08:46:59.000,0x000000001915F53E,NULL,NULL
1616074672,"RK-MR-SPARE-SPA
",Native,1,2023-06-21 06:10:44.000,0,0,5,2023-06-21 06:10:40.000,0x000000001605AA55,NULL,NULL
1616120216,"RK-MR-SPARE-SPA
",Native,1,2023-06-14 02:59:37.000,0,0,42,2023-06-14 02:58:51.000,0x00000000151AFCDB,NULL,NULL
1616208545,"RK-MR-SPARE-SPA
",Native,1,2023-06-21 04:44:06.000,0,0,5,2023-06-21 04:44:01.000,0x000000001605AA73,NULL,NULL
1616295904,"ADUAEI14613LPWX
",Native,1,2023-07-03 12:19:38.000,0,0,6,2023-07-03 12:19:37.000,0x0000000019160F06,NULL,NULL
1616326990,"ADUAEI12851LPMX
",Native,1,2023-04-26 12:26:55.000,0,0,28,2023-04-26 12:26:46.000,0x000000001915F549,NULL,NULL
1616474566,"ADUAED19002LPLX
",Native,1,2023-07-19 09:52:30.000,0,0,3,2023-07-19 09:52:10.000,0x0000000019160EFA,NULL,NULL
1616873953,"MacBook Pro
",Native,1,2023-04-19 09:18:10.000,0,0,14,2023-04-19 08:19:20.000,0x000000000E1872EC,NULL,NULL
1617000627,"RK-MR-C2-E001-2
",Native,1,2023-06-08 02:18:35.000,0,0,43,2023-06-08 02:18:06.000,0x0000000014A7DA2A,NULL,NULL
1617018331,"ADUAEI12161LPMX
",Native,1,2023-04-25 19:37:18.000,0,0,16,2023-04-25 19:37:11.000,0x000000001915F4BD,NULL,NULL
1617179094,"DESKTOP-ITIJ124
",Native,1,2023-01-25 03:35:45.000,0,0,8,2023-01-25 03:35:23.000,0x0000000006967C05,NULL,NULL
1617248344,"Andrea’s MacBook Pro
",Native,1,2023-04-27 11:19:44.000,0,0,7,2023-04-27 11:19:41.000,0x000000000F1AFD2D,NULL,NULL
1617270359,"ADUAEI15674LPWX
",Native,1,2023-04-27 10:34:25.000,0,0,2898,2023-04-27 10:34:20.000,0x000000001915F4F2,NULL,NULL
1617333862,"A1-004-PC-23
",Native,1,2023-07-19 19:00:24.000,0,0,18,2023-07-19 18:59:38.000,0x000000001915F4C6,NULL,NULL
1617341830,"RK-MR-SPARE-SPA
",Native,1,2023-06-15 11:59:54.000,0,0,21,2023-06-15 11:59:21.000,0x00000000154E0019,NULL,NULL
1617569635,"A1-004-PC-21
",Native,1,2023-07-19 19:07:31.000,0,0,19,2023-07-19 19:06:36.000,0x000000001915F540,NULL,NULL
1617630458,"ChrisM1Lab2’s Virtual Machine
",Native,1,2023-06-16 11:53:41.000,0,0,6,2023-06-16 11:53:35.000,0x000000001915F4A1,NULL,NULL
1617673909,"ENG-LOANER-05
",Native,1,2023-07-17 11:46:11.000,0,0,72,2023-07-17 11:45:07.000,0x0000000019160E9B,NULL,NULL
1617832289,"chrislabfedoraARM
",Native,1,2023-04-11 11:47:51.000,0,0,59,2023-04-11 11:47:49.000,0x000000001102E347,NULL,NULL
1618240557,"ARNEODOLAB
",Native,1,2023-07-20 09:52:11.000,0,0,6669,2023-07-20 09:47:57.000,0x0000000019160EA3,NULL,NULL
1618259128,"CAMPUSWESTWS01
",Native,1,2023-04-07 03:56:40.000,0,0,151,2023-04-07 03:56:34.000,0x000000001061F7EE,NULL,NULL
1618335900,"RK-MR-C2-E001-2
",Native,1,2023-06-21 04:32:18.000,0,0,5,2023-06-21 04:32:13.000,0x000000001605AA3D,NULL,NULL
1618371543,"ADUAEI18273LPWX
",Native,1,2023-06-02 07:28:57.000,0,0,7,2023-06-02 07:28:54.000,0x000000001915F43D,NULL,NULL
1618403451,"MacBook Pro
",Native,1,2023-06-12 05:58:40.000,0,0,31,2023-06-12 05:39:45.000,0x0000000014EBB120,NULL,NULL
1618494331,"LEICA-7E9VM83G1
",Native,1,2023-07-20 09:39:27.000,0,0,2413,2023-07-20 09:39:21.000,0x0000000019160EB7,NULL,NULL
1618552698,"ADUAEI12640LPWX
",Native,1,2023-07-18 11:38:44.000,0,0,12845,2023-07-18 11:38:36.000,0x000000001915F4F0,NULL,NULL
1618996668,"RK-MR-C2-E001-2
",Native,1,2023-06-09 17:10:10.000,0,0,34,2023-06-09 17:09:34.000,0x0000000014D48477,NULL,NULL
1619256225,"ADUAEI12177WKWX
",Native,1,2023-07-10 02:16:58.000,0,0,1144,2023-07-10 02:16:52.000,0x000000001915F4A0,NULL,NULL
1619440998,"A1-004-PC-29
",Native,1,2023-07-19 00:59:14.000,0,0,33,2023-07-19 00:59:11.000,0x000000001915F47D,NULL,NULL
1619495463,"ADUAED19004LPLX
",Native,1,2023-07-19 10:54:27.000,0,0,2,2023-07-19 10:54:09.000,0x0000000019160EE1,NULL,NULL
1619657421,"RK-MR-SPARE-SPA
",Native,1,2023-06-21 04:16:35.000,0,0,6,2023-06-21 04:16:30.000,0x000000001605AA68,NULL,NULL
1619769543,"ADUAED19210WKWX
",Native,1,2023-07-07 08:51:08.000,0,0,18,2023-07-07 08:50:54.000,0x0000000019160ED5,NULL,NULL
1619940508,"HYPERVTESTBENCH
",Native,1,2022-10-18 18:22:37.000,0,0,687,2022-10-18 18:22:24.000,0x00000000013EFD12,NULL,NULL
1619955914,"XTIAN845F
",Native,1,2023-01-25 16:58:23.000,0,0,60,2023-01-25 16:58:08.000,0x0000000006967C03,NULL,NULL
1620022914,"David-Workstation
",Native,1,2023-04-18 07:40:44.000,0,0,5,2023-04-18 07:40:24.000,0x00000000120145DB,NULL,NULL
1620064899,"A1-004-PC-09
",Native,1,2023-07-19 04:54:08.000,0,0,14,2023-07-19 04:50:45.000,0x000000001915F488,NULL,NULL
1620096559,"A1-004-AVPC-01
",Native,1,2023-07-19 00:22:39.000,0,0,32,2023-07-19 00:22:34.000,0x000000001915F529,NULL,NULL
1620189811,"ADUAED12346LPWX
",Native,1,2023-04-25 10:28:14.000,0,0,28,2023-04-25 10:28:11.000,0x000000001915F4A8,NULL,NULL
1620277802,"ADUAEI12289LPWX
",Native,1,2023-05-23 16:29:31.000,0,0,42,2023-05-23 16:29:27.000,0x000000001915F457,NULL,NULL
1620310208,"ADUAEI12289LPWX
",Native,1,2023-05-23 08:35:08.000,0,0,31,2023-05-23 08:35:04.000,0x000000001915F44D,NULL,NULL
1620468933,"mmvc-desk-0007
",Native,1,2023-04-18 12:19:38.000,0,0,732,2023-04-18 12:18:55.000,0x0000000019160F14,NULL,NULL
1620506999,"RK-MR-SPARE-SPA
",Native,1,2023-06-20 02:47:38.000,0,0,38,2023-06-20 02:47:03.000,0x0000000015F4A6C6,NULL,NULL
1620924504,"ADUAEI12177WKWX
",Native,1,2023-05-19 07:57:59.000,0,0,8870,2023-05-19 07:57:51.000,0x000000001915F437,NULL,NULL
1620966769,"A1-004-PC-27
",Native,1,2023-07-19 19:10:22.000,0,0,19,2023-07-19 19:09:40.000,0x000000001915F4A2,NULL,NULL
1621012875,"aduaed15980lplx
",Native,1,2023-05-22 12:29:28.000,0,0,9618,2023-05-22 12:29:09.000,0x000000001915F4F9,NULL,NULL
1621020337,"A1-004-PC-14
",Native,1,2023-07-19 04:36:43.000,0,0,12,2023-07-19 04:33:13.000,0x000000001915F4BA,NULL,NULL
1621185435,"NYUAD_Battle
",Native,1,2023-05-08 18:50:49.000,0,0,10,2023-05-08 18:50:45.000,0x0000000014A7DA11,NULL,NULL
1621212442,"ADUAEI08824LPWX
",Native,1,2023-05-25 10:51:42.000,0,0,46,2023-05-25 10:51:03.000,0x000000001915F4A5,NULL,NULL
1621246573,"RK-MR-SPARE-SPA
",Native,1,2023-06-16 03:00:18.000,0,0,32,2023-06-16 02:59:27.000,0x00000000157F2CA0,NULL,NULL
1621272846,"ADUAEI18263LPWX
",Native,1,2023-04-07 08:22:37.000,0,0,6,2023-04-07 08:22:30.000,0x000000001915F4ED,NULL,NULL
1621309901,"A1-004-PC-22
",Native,1,2023-07-19 00:57:54.000,0,0,31,2023-07-19 00:57:50.000,0x000000001915F51D,NULL,NULL
1621401806,"ADUAEI15144LPWX
",Native,1,2023-06-22 10:36:53.000,0,0,13592,2023-06-22 10:36:50.000,0x000000001915F55F,NULL,NULL
1621592674,"RK-MR-SPARE-SPA
",Native,1,2023-06-15 02:57:06.000,0,0,56,2023-06-15 02:56:31.000,0x00000000154E001E,NULL,NULL
1621829844,"RK-MR-C2-E001-2
",Native,1,2023-06-21 04:19:32.000,0,0,6,2023-06-21 04:19:30.000,0x000000001605AA56,NULL,NULL
1621867246,"IT-16028
",Native,1,2023-05-06 14:04:42.000,0,0,32,2023-05-06 14:04:32.000,0x00000000143334E0,NULL,NULL
1622014186,"ADUAEI08819LNWX
",Native,1,2023-04-10 04:41:25.000,0,0,5,2023-04-10 04:41:20.000,0x0000000019160ED8,NULL,NULL
1622207681,"ADUAEI08547LPWX
",Native,1,2023-04-18 10:10:36.000,0,0,224,2023-04-18 10:09:35.000,0x000000001915F54E,NULL,NULL
1622262675,"A1-004-PC-22
",Native,1,2023-07-19 19:03:52.000,0,0,18,2023-07-19 19:03:07.000,0x000000001915F460,NULL,NULL
1622475651,"ADUAED18557LPMX
",Native,1,2023-06-21 08:30:27.000,0,0,145,2023-06-21 08:30:18.000,0x0000000019160EDD,NULL,NULL
1622660688,"Yan’s MacBook Pro
",Native,1,2023-04-10 10:24:22.000,0,0,364,2023-04-10 10:08:15.000,0x0000000010F1AC08,NULL,NULL
1622727426,"DESKTOP-K3IP504
",Native,1,2023-05-11 14:06:28.000,0,0,4373,2023-05-11 14:06:24.000,0x0000000014D48436,NULL,NULL
1622822046,"ADUAED14944WKWX
",Native,1,2023-07-12 08:21:12.000,0,0,26,2023-07-12 08:20:33.000,0x0000000019160F01,NULL,NULL
1622878458,"RK-MR-C2-E001-2
",Native,1,2023-06-21 06:07:18.000,0,0,6,2023-06-21 06:07:12.000,0x000000001605AA50,NULL,NULL
1623200117,"A1-017-FOS-06
",Native,1,2023-07-20 02:03:16.000,0,0,186,2023-07-20 02:03:13.000,0x000000001915F4D1,NULL,NULL
1623206412,"ADUAEI11224LPWX
",Native,1,2023-04-11 11:28:46.000,0,0,32,2023-04-11 11:28:28.000,0x000000001915F4B6,NULL,NULL
1623254477,"ADUAEI12483LPMX
",Native,1,2023-04-27 05:54:48.000,0,0,12,2023-04-27 05:51:24.000,0x000000001915F547,NULL,NULL
1623390840,"ADUAED12524WKMX
",Native,1,2023-04-05 10:49:52.000,0,0,502,2023-04-05 10:49:44.000,0x000000001915F4FB,NULL,NULL
1623648374,"ADUAEI18241LPWX
",Native,1,2023-06-02 11:31:31.000,0,0,9,2023-06-02 11:30:14.000,0x000000001915F438,NULL,NULL
1624073694,"A1-004-PC-08
",Native,1,2023-07-19 19:07:16.000,0,0,19,2023-07-19 19:06:36.000,0x000000001915F46D,NULL,NULL
1624237227,"MacBook Pro
",Native,1,2023-06-26 19:03:59.000,0,0,1312,2023-06-26 19:03:44.000,0x000000001915F493,NULL,NULL
1624249983,"ADUAEI14540WKWX
",Native,1,2023-07-15 13:55:01.000,0,0,10226,2023-07-15 13:54:58.000,0x000000001915F556,NULL,NULL
1624336159,"ADUAED13140LPWX
",Native,1,2023-05-22 10:08:04.000,0,0,391,2023-05-22 10:07:11.000,0x000000001915F4C3,NULL,NULL
1624592376,"ADUAED15179LPMX
",Native,1,2023-04-25 11:40:02.000,0,0,10,2023-04-25 11:39:51.000,0x000000001915F434,NULL,NULL
1624662339,"RK-MR-C2-E001-2
",Native,1,2023-06-21 04:05:30.000,0,0,5,2023-06-21 04:05:26.000,0x000000001605AA63,NULL,NULL
1624723976,"ADUAED12405WKWX
",Native,1,2023-05-17 10:55:16.000,0,0,8,2023-05-17 10:55:01.000,0x0000000019160EF2,NULL,NULL
1624731018,"ADUAEI18916LPWX
",Native,1,2023-06-20 10:36:51.000,0,0,5,2023-06-20 10:36:40.000,0x000000001915F51F,NULL,NULL
1624909620,"A1-004-PC-20
",Native,1,2023-07-19 00:31:06.000,0,0,31,2023-07-19 00:31:04.000,0x000000001915F4EE,NULL,NULL
1624926900,"RK-MR-C2-E001-2
",Native,1,2023-06-12 02:18:58.000,0,0,35,2023-06-12 02:18:21.000,0x0000000014EBB122,NULL,NULL
1624951716,"RK-MR-SPARE-SPA
",Native,1,2023-06-16 22:09:08.000,0,0,39,2023-06-16 22:08:31.000,0x00000000159D9910,NULL,NULL
1624977434,"ADUAEI13838LPWX
",Native,1,2023-07-19 10:52:59.000,0,0,25,2023-07-19 10:52:52.000,0x0000000019160EC2,NULL,NULL
1625124475,"ADUAEI15682LPWX
",Native,1,2023-06-12 10:56:43.000,0,0,17,2023-06-12 10:56:28.000,0x0000000019160EBB,NULL,NULL
1625199366,"ADUAEI15646LPMX
",Native,1,2023-04-03 19:58:23.000,0,0,314,2023-04-03 15:57:57.000,0x000000001915F50A,NULL,NULL
1625202888,"DESKTOP-83SFHJH
",Native,1,2023-05-12 17:02:53.000,0,0,54,2023-05-12 17:02:49.000,0x0000000014EBB117,NULL,NULL
1625380823,"ADUAEI12289LPWX
",Native,1,2023-05-23 13:32:02.000,0,0,9,2023-05-23 13:31:58.000,0x000000001915F4EA,NULL,NULL
1625516394,"ADUAEI13880LPWX
",Native,1,2023-04-17 09:14:16.000,0,0,33,2023-04-17 09:14:02.000,0x000000001915F4FD,NULL,NULL
1625529138,"A1-004-PC-07
",Native,1,2023-07-19 04:38:40.000,0,0,13,2023-07-19 04:34:56.000,0x000000001915F512,NULL,NULL
1625787940,"ADUAED15805WKWX
",Native,1,2023-06-07 12:46:47.000,0,0,19,2023-06-07 12:46:16.000,0x0000000019160ECE,NULL,NULL
1626018817,"Fernil’s MacBook Pro
",Native,1,2023-05-13 10:55:26.000,0,0,10,2023-05-13 10:55:10.000,0x00000000116072B6,NULL,NULL
1626022616,"NYUADI14012LPWX
",Native,1,2023-06-04 02:12:49.000,0,0,8,2023-06-04 02:10:27.000,0x0000000019160EFE,NULL,NULL
1626354758,"A1-017-FOS-01
",Native,1,2023-07-20 01:54:07.000,0,0,180,2023-07-20 01:54:04.000,0x000000001915F50E,NULL,NULL
1626460716,"ADUAEI12041LPMX
",Native,1,2023-05-14 23:29:34.000,0,0,2,2023-05-14 23:29:28.000,0x000000001915F485,NULL,NULL
1626673457,"RK-MR-C2-E001-2
",Native,1,2023-06-13 12:11:18.000,0,0,13,2023-06-13 12:07:46.000,0x0000000014F9A363,NULL,NULL
1626954840,"ADUAEI18916LPWX
",Native,1,2023-06-16 19:26:05.000,0,0,22,2023-06-16 19:25:38.000,0x000000001915F545,NULL,NULL
1627057422,"ChrisM1Lab2’s Virtual Machine
",Native,1,2023-05-11 13:57:11.000,0,0,14,2023-05-11 13:57:04.000,0x000000001102E354,NULL,NULL
1627095130,"A1-004-PC-18
",Native,1,2023-07-19 04:33:22.000,0,0,13,2023-07-19 04:28:43.000,0x000000001915F43C,NULL,NULL
1627276871,"ADUAEI19214LPWX
",Native,1,2023-07-10 11:15:34.000,0,0,14,2023-07-10 11:14:58.000,0x0000000019160EE9,NULL,NULL
1627374633,"A1-004-PC-13
",Native,1,2023-07-19 00:18:43.000,0,0,31,2023-07-19 00:18:39.000,0x000000001915F558,NULL,NULL
1627378155,"ADUAEI18236LPWX
",Native,1,2023-04-12 11:38:20.000,0,0,5,2023-04-12 11:38:14.000,0x000000001915F449,NULL,NULL
